kind,relative_path,pedal_elements,pedal_start,pedal_stop,pedal_other,command,exit_code,timed_out,wall_seconds,output_exists,output_bytes,output_sha256,stdout_head,stderr_head,cc64_messages,cc64_distinct_values,cc64_nonendpoint_values,cc64_per_pedal_element,identity_expected_2xmin,identity_match,veto_no_cc64_with_start
positive,Beethoven/Piano_Sonatas/11-2/xml_score.musicxml,166,83,83,0,"""D:\MuseScore 4\bin\MuseScore4.exe"" -f -o evidence\R1\full68v2\Beethoven\Piano_Sonatas\11-2\xml_score.mid data\asap-dataset\Beethoven\Piano_Sonatas\11-2\xml_score.musicxml",0,False,1.263,True,14648,518942ebc97724e10fdeae04485595a5afe1252a946324b0fd5aded428a50360,,,166,2,[],1.0,166,True,False
positive,Beethoven/Piano_Sonatas/14-3/xml_score.musicxml,38,19,19,0,"""D:\MuseScore 4\bin\MuseScore4.exe"" -f -o evidence\R1\full68v2\Beethoven\Piano_Sonatas\14-3\xml_score.mid data\asap-dataset\Beethoven\Piano_Sonatas\14-3\xml_score.musicxml",0,False,1.357,True,30351,676ae2bc78a941e355e80902448d76a82591e65460c74bd12e461cc90d65e8b5,,,38,2,[],1.0,38,True,False
positive,Beethoven/Piano_Sonatas/21-3/xml_score.musicxml,7,0,7,0,"""D:\MuseScore 4\bin\MuseScore4.exe"" -f -o evidence\R1\full68v2\Beethoven\Piano_Sonatas\21-3\xml_score.mid data\asap-dataset\Beethoven\Piano_Sonatas\21-3\xml_score.musicxml",0,False,1.807,True,42952,913c94e877a54c394512aa09ea38abc2098cb75782e738a114102d98801aec3f,,,0,0,[],0.0,0,True,False
positive,Beethoven/Piano_Sonatas/24-2/xml_score.musicxml,2,0,2,0,"""D:\MuseScore 4\bin\MuseScore4.exe"" -f -o evidence\R1\full68v2\Beethoven\Piano_Sonatas\24-2\xml_score.mid data\asap-dataset\Beethoven\Piano_Sonatas\24-2\xml_score.musicxml",0,False,1.077,True,11880,76c973614466ca1645c8703371db9c185c3f543543902addb8949a987739f88b,,,0,0,[],0.0,0,True,False
positive,Beethoven/Piano_Sonatas/26-2/xml_score.musicxml,3,1,2,0,"""D:\MuseScore 4\bin\MuseScore4.exe"" -f -o evidence\R1\full68v2\Beethoven\Piano_Sonatas\26-2\xml_score.mid data\asap-dataset\Beethoven\Piano_Sonatas\26-2\xml_score.musicxml",0,False,1.041,True,5431,e557c92b776f16016899dedfc943f94360e2e11e7ec893c4798edbb323f98be0,,,2,2,[],0.6667,2,True,False
positive,Beethoven/Piano_Sonatas/28-1/xml_score.musicxml,2,0,2,0,"""D:\MuseScore 4\bin\MuseScore4.exe"" -f -o evidence\R1\full68v2\Beethoven\Piano_Sonatas\28-1\xml_score.mid data\asap-dataset\Beethoven\Piano_Sonatas\28-1\xml_score.musicxml",0,False,1.03,True,8712,60fe92d886384ce0093f61561bd81696097c0bd3ef1bb9567b512be15499ce7a,,,0,0,[],0.0,0,True,False
positive,Beethoven/Piano_Sonatas/29-2/xml_score.musicxml,4,2,2,0,"""D:\MuseScore 4\bin\MuseScore4.exe"" -f -o evidence\R1\full68v2\Beethoven\Piano_Sonatas\29-2\xml_score.mid data\asap-dataset\Beethoven\Piano_Sonatas\29-2\xml_score.musicxml",0,False,1.234,True,12780,bb3ae460112c1f3f171c41338b061e11a18e6e62e5555796c2d1db0587dc66a7,,,4,2,[],1.0,4,True,False
positive,Beethoven/Piano_Sonatas/29-3/xml_score.musicxml,6,1,5,0,"""D:\MuseScore 4\bin\MuseScore4.exe"" -f -o evidence\R1\full68v2\Beethoven\Piano_Sonatas\29-3\xml_score.mid data\asap-dataset\Beethoven\Piano_Sonatas\29-3\xml_score.musicxml",0,False,1.671,True,32730,b9f1d74fc4649450f128169f7bc57855e0f32769c3a1afee16344eee6627b3a0,,,2,2,[],0.3333,2,True,False
positive,Beethoven/Piano_Sonatas/29-4/xml_score.musicxml,22,10,12,0,"""D:\MuseScore 4\bin\MuseScore4.exe"" -f -o evidence\R1\full68v2\Beethoven\Piano_Sonatas\29-4\xml_score.mid data\asap-dataset\Beethoven\Piano_Sonatas\29-4\xml_score.musicxml",0,False,1.896,True,58645,b24a0192dcd0524e99842e4d2fd8e2d22ddf6728ee2900e8bd66a4ba0aedf624,,,14,2,[],0.6364,20,False,False
positive,Beethoven/Piano_Sonatas/30-1/xml_score.musicxml,12,6,6,0,"""D:\MuseScore 4\bin\MuseScore4.exe"" -f -o evidence\R1\full68v2\Beethoven\Piano_Sonatas\30-1\xml_score.mid data\asap-dataset\Beethoven\Piano_Sonatas\30-1\xml_score.musicxml",0,False,1.043,True,10509,a1c28d9c74781077858ab57f57d77e69cad755604d5eecf6d8dcaa6c6cf9f4df,,,12,2,[],1.0,12,True,False
positive,Beethoven/Piano_Sonatas/31-2/xml_score.musicxml,9,2,7,0,"""D:\MuseScore 4\bin\MuseScore4.exe"" -f -o evidence\R1\full68v2\Beethoven\Piano_Sonatas\31-2\xml_score.mid data\asap-dataset\Beethoven\Piano_Sonatas\31-2\xml_score.musicxml",0,False,1.046,True,9475,e48b1bcddaa7c1645a55cf3714f8368f71455075d7f8566b245dd55f9bed1e5f,,,4,2,[],0.4444,4,True,False
positive,Beethoven/Piano_Sonatas/31-2_no_repeat/xml_score.musicxml,9,2,7,0,"""D:\MuseScore 4\bin\MuseScore4.exe"" -f -o evidence\R1\full68v2\Beethoven\Piano_Sonatas\31-2_no_repeat\xml_score.mid data\asap-dataset\Beethoven\Piano_Sonatas\31-2_no_repeat\xml_score.musicxml",0,False,1.077,True,8196,69303bc695d8d45fd943f14e109851c32438f4f0c99d303eff8d95f96dca7746,,,4,2,[],0.4444,4,True,False
positive,Beethoven/Piano_Sonatas/31-3_4/xml_score.musicxml,5,2,3,0,"""D:\MuseScore 4\bin\MuseScore4.exe"" -f -o evidence\R1\full68v2\Beethoven\Piano_Sonatas\31-3_4\xml_score.mid data\asap-dataset\Beethoven\Piano_Sonatas\31-3_4\xml_score.musicxml",0,False,1.406,True,24834,084a65fb30005ac64fe2e3b54c3689c2e81ab6fa3eebed63847dbd64c2ab1864,,,4,2,[],0.8,4,True,False
positive,Beethoven/Piano_Sonatas/32-1/xml_score.musicxml,7,3,4,0,"""D:\MuseScore 4\bin\MuseScore4.exe"" -f -o evidence\R1\full68v2\Beethoven\Piano_Sonatas\32-1\xml_score.mid data\asap-dataset\Beethoven\Piano_Sonatas\32-1\xml_score.musicxml",0,False,1.406,True,34792,dc6eeab9eecbc8423f24fc60bbeed50ffc9d31afff0ad340ff1a4a0bd698aae7,,,6,2,[],0.8571,6,True,False
positive,Beethoven/Piano_Sonatas/32-1_no_repeat/xml_score.musicxml,7,3,4,0,"""D:\MuseScore 4\bin\MuseScore4.exe"" -f -o evidence\R1\full68v2\Beethoven\Piano_Sonatas\32-1_no_repeat\xml_score.mid data\asap-dataset\Beethoven\Piano_Sonatas\32-1_no_repeat\xml_score.musicxml",0,False,1.419,True,26116,670b068812dd729a8ce6ed33411d4115c05bc06f25e0b4f047fea515f4b4f408,,,6,2,[],0.8571,6,True,False
positive,Brahms/Six_Pieces_op_118/2/xml_score.musicxml,2,1,1,0,"""D:\MuseScore 4\bin\MuseScore4.exe"" -f -o evidence\R1\full68v2\Brahms\Six_Pieces_op_118\2\xml_score.mid data\asap-dataset\Brahms\Six_Pieces_op_118\2\xml_score.musicxml",0,False,1.155,True,12149,7e899e14410474d003f515a497a43fe34d70d922626421a24e4e19876e8810fd,,,2,2,[],1.0,2,True,False
positive,Chopin/Ballades/1/xml_score.musicxml,465,242,223,0,"""D:\MuseScore 4\bin\MuseScore4.exe"" -f -o evidence\R1\full68v2\Chopin\Ballades\1\xml_score.mid data\asap-dataset\Chopin\Ballades\1\xml_score.musicxml",0,False,1.718,True,37438,1952c8d9e6f7bc15bcdd7b2dd2da92458c3a8da44625aacd54815e6e895a4094,,,432,2,[],0.929,446,False,False
positive,Chopin/Ballades/3/xml_score.musicxml,480,240,240,0,"""D:\MuseScore 4\bin\MuseScore4.exe"" -f -o evidence\R1\full68v2\Chopin\Ballades\3\xml_score.mid data\asap-dataset\Chopin\Ballades\3\xml_score.musicxml",0,False,1.468,True,31037,863dc44aa9a62bd97b3352dcaea6e79f796d6356d3592b1a3938d79dfa2e18ba,,,478,2,[],0.9958,480,False,False
positive,Chopin/Barcarolle/xml_score.musicxml,455,246,209,0,"""D:\MuseScore 4\bin\MuseScore4.exe"" -f -o evidence\R1\full68v2\Chopin\Barcarolle\xml_score.mid data\asap-dataset\Chopin\Barcarolle\xml_score.musicxml",0,False,1.636,True,31199,caad752f56feda9872a43314b827ac4dc3d8ee37d460ff928787b94400f480bb,,,388,2,[],0.8527,418,False,False
positive,Chopin/Etudes_op_10/1/xml_score.musicxml,5,1,4,0,"""D:\MuseScore 4\bin\MuseScore4.exe"" -f -o evidence\R1\full68v2\Chopin\Etudes_op_10\1\xml_score.mid data\asap-dataset\Chopin\Etudes_op_10\1\xml_score.musicxml",0,False,1.027,True,8279,174124e6dbbf083acac2450a29546da096c29e1acedfdf57bf7dbdbe27575ca2,,,2,2,[],0.4,2,True,False
positive,Chopin/Etudes_op_10/10/xml_score.musicxml,286,143,143,0,"""D:\MuseScore 4\bin\MuseScore4.exe"" -f -o evidence\R1\full68v2\Chopin\Etudes_op_10\10\xml_score.mid data\asap-dataset\Chopin\Etudes_op_10\10\xml_score.musicxml",0,False,1.28,True,16653,9419d5f148c584b8e118eac7eabd73e35c68ce0f14e6467b73b9bb6ac82a3ebd,,,286,2,[],1.0,286,True,False
positive,Chopin/Etudes_op_10/5/xml_score.musicxml,13,2,11,0,"""D:\MuseScore 4\bin\MuseScore4.exe"" -f -o evidence\R1\full68v2\Chopin\Etudes_op_10\5\xml_score.mid data\asap-dataset\Chopin\Etudes_op_10\5\xml_score.musicxml",0,False,1.137,True,10114,0340f682ac68b77bc1ac027fc7bde5d7370ac491d2ec0ef52794359ae836deb6,,,4,2,[],0.3077,4,True,False
positive,Chopin/Etudes_op_10/7/xml_score.musicxml,18,9,9,0,"""D:\MuseScore 4\bin\MuseScore4.exe"" -f -o evidence\R1\full68v2\Chopin\Etudes_op_10\7\xml_score.mid data\asap-dataset\Chopin\Etudes_op_10\7\xml_score.musicxml",0,False,1.06,True,11264,1586f78072ff188c9687fa06070be7da019f36624c5232929d2ae12f17afcd06,,,18,2,[],1.0,18,True,False
positive,Chopin/Etudes_op_10/8/xml_score.musicxml,72,37,35,0,"""D:\MuseScore 4\bin\MuseScore4.exe"" -f -o evidence\R1\full68v2\Chopin\Etudes_op_10\8\xml_score.mid data\asap-dataset\Chopin\Etudes_op_10\8\xml_score.musicxml",0,False,1.259,True,14551,e7d5102c77f38367849fd08ac44798dd183640125423078cc5ee1c1f8a0198e0,,,68,2,[],0.9444,70,False,False
positive,Chopin/Etudes_op_25/1/xml_score.musicxml,182,96,86,0,"""D:\MuseScore 4\bin\MuseScore4.exe"" -f -o evidence\R1\full68v2\Chopin\Etudes_op_25\1\xml_score.mid data\asap-dataset\Chopin\Etudes_op_25\1\xml_score.musicxml",0,False,1.305,True,2938,aa10801fb852c4a267e0f04b0481081be1721b13ab1b085dc28d86f1bbf60f4b,,,152,2,[],0.8352,172,False,False
positive,Chopin/Etudes_op_25/12/xml_score.musicxml,1,0,1,0,"""D:\MuseScore 4\bin\MuseScore4.exe"" -f -o evidence\R1\full68v2\Chopin\Etudes_op_25\12\xml_score.mid data\asap-dataset\Chopin\Etudes_op_25\12\xml_score.musicxml",0,False,1.193,True,16313,ffc9346fc9dcd3516cac1b9b0baa719eda1c539b635728e3c75908a93417882c,,,0,0,[],0.0,0,True,False
positive,Chopin/Etudes_op_25/5/xml_score.musicxml,119,61,58,0,"""D:\MuseScore 4\bin\MuseScore4.exe"" -f -o evidence\R1\full68v2\Chopin\Etudes_op_25\5\xml_score.mid data\asap-dataset\Chopin\Etudes_op_25\5\xml_score.musicxml",0,False,1.222,True,14403,e4e8d55c690d13206eb5671e019fc57d7e5409b901ca0c6685b7a165e313d37b,,,116,2,[],0.9748,116,True,False
positive,Chopin/Etudes_op_25/8/xml_score.musicxml,96,48,48,0,"""D:\MuseScore 4\bin\MuseScore4.exe"" -f -o evidence\R1\full68v2\Chopin\Etudes_op_25\8\xml_score.mid data\asap-dataset\Chopin\Etudes_op_25\8\xml_score.musicxml",0,False,1.018,True,10590,1bdd2454f1b722cc5147c15e34a454b8d7c419b392b625a3347055efab9b91a8,,,96,2,[],1.0,96,True,False
positive,Chopin/Scherzos/20/xml_score.musicxml,420,210,210,0,"""D:\MuseScore 4\bin\MuseScore4.exe"" -f -o evidence\R1\full68v2\Chopin\Scherzos\20\xml_score.mid data\asap-dataset\Chopin\Scherzos\20\xml_score.musicxml",0,False,1.971,True,35210,b9a05e4cd3273a9ecf52ebe10146fed9cd7da6abcc7a7fbc4f32d3c4b9538156,,,420,2,[],1.0,420,True,False
positive,Chopin/Scherzos/31/xml_score.musicxml,479,250,229,0,"""D:\MuseScore 4\bin\MuseScore4.exe"" -f -o evidence\R1\full68v2\Chopin\Scherzos\31\xml_score.mid data\asap-dataset\Chopin\Scherzos\31\xml_score.musicxml",0,False,2.15,True,43431,c94a6c0b8df8a335b975d75a1b264c58543aa442fe0425de38414a4301389292,,,456,2,[],0.952,458,False,False
positive,Chopin/Scherzos/39/xml_score.musicxml,236,118,118,0,"""D:\MuseScore 4\bin\MuseScore4.exe"" -f -o evidence\R1\full68v2\Chopin\Scherzos\39\xml_score.mid data\asap-dataset\Chopin\Scherzos\39\xml_score.musicxml",0,False,1.775,True,36499,035875be72c9ab5d7ff1ef9b4d860593deffc3dcf2373b132848211f49c0e3ec,,,224,2,[],0.9492,236,False,False
positive,Chopin/Sonata_2/1st_no_repeat/xml_score.musicxml,1,0,1,0,"""D:\MuseScore 4\bin\MuseScore4.exe"" -f -o evidence\R1\full68v2\Chopin\Sonata_2\1st_no_repeat\xml_score.mid data\asap-dataset\Chopin\Sonata_2\1st_no_repeat\xml_score.musicxml",0,False,1.259,True,26526,564fd8e1b56cddc1eeda17168d165a9b04b1249b35fda8302da668f326e16f56,,,0,0,[],0.0,0,True,False
positive,Chopin/Sonata_2/2nd/xml_score.musicxml,1,0,1,0,"""D:\MuseScore 4\bin\MuseScore4.exe"" -f -o evidence\R1\full68v2\Chopin\Sonata_2\2nd\xml_score.mid data\asap-dataset\Chopin\Sonata_2\2nd\xml_score.musicxml",0,False,1.39,True,30205,4b2dc5443104e11d109ac891325b39323a03a89522b574adeba4be9c69762682,,,0,0,[],0.0,0,True,False
positive,Chopin/Sonata_2/2nd_no_repeat/xml_score.musicxml,1,0,1,0,"""D:\MuseScore 4\bin\MuseScore4.exe"" -f -o evidence\R1\full68v2\Chopin\Sonata_2\2nd_no_repeat\xml_score.mid data\asap-dataset\Chopin\Sonata_2\2nd_no_repeat\xml_score.musicxml",0,False,1.224,True,27300,726a466fdb57da7887a338bc4866d427cb224ff577f227f0f1ff129b186c2702,,,0,0,[],0.0,0,True,False
positive,Chopin/Sonata_3/2nd/xml_score.musicxml,42,0,42,0,"""D:\MuseScore 4\bin\MuseScore4.exe"" -f -o evidence\R1\full68v2\Chopin\Sonata_3\2nd\xml_score.mid data\asap-dataset\Chopin\Sonata_3\2nd\xml_score.musicxml",0,False,1.093,True,10224,036b01905d2b8acbae54606d056005d738f717e1c11b6163e02e60177b47c7c1,,,0,0,[],0.0,0,True,False
positive,Chopin/Sonata_3/3rd/xml_score.musicxml,20,8,12,0,"""D:\MuseScore 4\bin\MuseScore4.exe"" -f -o evidence\R1\full68v2\Chopin\Sonata_3\3rd\xml_score.mid data\asap-dataset\Chopin\Sonata_3\3rd\xml_score.musicxml",3221225477,False,3.452,True,14305,d7bf722885123989beebbaf438d7be2267398223de7cfb99e8a5bd5076ccbc43,,"[35756:34688:20261007,222658.055:ERROR filesystem_win.cc:129] GetFileAttributes C:/Users/34423/AppData/Local/MuseScore/MuseScore4/logs/dumps\attachments\18c9171b-1868-46f1-a777-75dfae775d14: 系统找不到指定的文",12,2,[],0.6,16,False,False
positive,Chopin/Sonata_3/4th/xml_score.musicxml,14,0,14,0,"""D:\MuseScore 4\bin\MuseScore4.exe"" -f -o evidence\R1\full68v2\Chopin\Sonata_3\4th\xml_score.mid data\asap-dataset\Chopin\Sonata_3\4th\xml_score.musicxml",0,False,1.478,True,31950,f2a9a839270fc0c0dcbe06935362c21ce0475542a18f5806de5f7e59a277b798,,,0,0,[],0.0,0,True,False
positive,Debussy/Images_Book_1/1_Reflets_dans_lEau/xml_score.musicxml,10,5,5,0,"""D:\MuseScore 4\bin\MuseScore4.exe"" -f -o evidence\R1\full68v2\Debussy\Images_Book_1\1_Reflets_dans_lEau\xml_score.mid data\asap-dataset\Debussy\Images_Book_1\1_Reflets_dans_lEau\xml_score.musicxml",0,False,1.139,True,13108,5e0de8750b241d714091154ea1f65fcc5077b292f01f21359d5441f065fdadc8,,,10,2,[],1.0,10,True,False
positive,Liszt/Annees_de_pelerinage_2/1_Gondoliera/xml_score.musicxml,60,30,30,0,"""D:\MuseScore 4\bin\MuseScore4.exe"" -f -o evidence\R1\full68v2\Liszt\Annees_de_pelerinage_2\1_Gondoliera\xml_score.mid data\asap-dataset\Liszt\Annees_de_pelerinage_2\1_Gondoliera\xml_score.musicxml",0,False,1.355,True,11745,3fd77ddc052de8e4611f085c640971ee80a90475f8c17aa35e41ebb2fb13d807,,,60,2,[],1.0,60,True,False
positive,Liszt/Ballade_2/xml_score.musicxml,34,17,17,0,"""D:\MuseScore 4\bin\MuseScore4.exe"" -f -o evidence\R1\full68v2\Liszt\Ballade_2\xml_score.mid data\asap-dataset\Liszt\Ballade_2\xml_score.musicxml",0,False,2.002,True,47048,58004984ef08b791181d2255897d5ef605be562c74b3b444947324aac34ca74e,,,34,2,[],1.0,34,True,False
positive,Liszt/Concert_Etude_S145/1/xml_score.musicxml,315,158,157,0,"""D:\MuseScore 4\bin\MuseScore4.exe"" -f -o evidence\R1\full68v2\Liszt\Concert_Etude_S145\1\xml_score.mid data\asap-dataset\Liszt\Concert_Etude_S145\1\xml_score.musicxml",0,False,1.415,True,22678,f81e0f1edb15f3d87273577754592242592552579c314c1607140b31105e04c9,,,314,2,[],0.9968,314,True,False
positive,Liszt/Concert_Etude_S145/2/xml_score.musicxml,420,210,210,0,"""D:\MuseScore 4\bin\MuseScore4.exe"" -f -o evidence\R1\full68v2\Liszt\Concert_Etude_S145\2\xml_score.mid data\asap-dataset\Liszt\Concert_Etude_S145\2\xml_score.musicxml",0,False,1.43,True,22791,ceb7e3d4c5a299b829a568f6850fd99a5c528c4d01af8b6539eea9e2e34dc5d0,,,420,2,[],1.0,420,True,False
positive,Liszt/Gran_Etudes_de_Paganini/2_La_campanella/xml_score.musicxml,14,7,7,0,"""D:\MuseScore 4\bin\MuseScore4.exe"" -f -o evidence\R1\full68v2\Liszt\Gran_Etudes_de_Paganini\2_La_campanella\xml_score.mid data\asap-dataset\Liszt\Gran_Etudes_de_Paganini\2_La_campanella\xml_score.musicxml",0,False,1.37,True,26486,83bcdce8c66e264471aec19106c865c63d403252a35e6d5a63a19217d4dba133,,,14,2,[],1.0,14,True,False
positive,Liszt/Hungarian_Rhapsodies/6/xml_score.musicxml,362,181,181,0,"""D:\MuseScore 4\bin\MuseScore4.exe"" -f -o evidence\R1\full68v2\Liszt\Hungarian_Rhapsodies\6\xml_score.mid data\asap-dataset\Liszt\Hungarian_Rhapsodies\6\xml_score.musicxml",0,False,1.617,True,30493,3c46ef4d9d9f7c57b60780187ea350cb1fa54bdf67a59ca5a7bb0303bf8370a2,,,356,2,[],0.9834,362,False,False
positive,Liszt/Hungarian_Rhapsodies/6_no_repeat/xml_score.musicxml,362,181,181,0,"""D:\MuseScore 4\bin\MuseScore4.exe"" -f -o evidence\R1\full68v2\Liszt\Hungarian_Rhapsodies\6_no_repeat\xml_score.mid data\asap-dataset\Liszt\Hungarian_Rhapsodies\6_no_repeat\xml_score.musicxml",0,False,1.488,True,30493,4c138d2529e89b0659b90f734097b433be5a38d3d7ac0dedb661b28a6a7e9fbc,,,356,2,[],0.9834,362,False,False
positive,Liszt/Mephisto_Waltz/xml_score.musicxml,685,392,293,0,"""D:\MuseScore 4\bin\MuseScore4.exe"" -f -o evidence\R1\full68v2\Liszt\Mephisto_Waltz\xml_score.mid data\asap-dataset\Liszt\Mephisto_Waltz\xml_score.musicxml",0,False,2.633,True,65871,7368226083a5fe387b66d587c544f983ed8eccb9aff91058fd1bc430b92e631d,,,586,2,[],0.8555,586,True,False
positive,Liszt/Sonata/xml_score.musicxml,519,256,263,0,"""D:\MuseScore 4\bin\MuseScore4.exe"" -f -o evidence\R1\full68v2\Liszt\Sonata\xml_score.mid data\asap-dataset\Liszt\Sonata\xml_score.musicxml",0,False,3.65,True,105162,0e2e51df8d0ca0fbb29200bf0d87c1ac5ff6a0afdcabb6ad3b32e50b730750e6,,,502,2,[],0.9672,512,False,False
positive,Liszt/Transcendental_Etudes/1/xml_score.musicxml,22,11,11,0,"""D:\MuseScore 4\bin\MuseScore4.exe"" -f -o evidence\R1\full68v2\Liszt\Transcendental_Etudes\1\xml_score.mid data\asap-dataset\Liszt\Transcendental_Etudes\1\xml_score.musicxml",0,False,1.045,True,4514,0035c9e82b80495803c4dfd353fd1c00f54ae20d48688bd00260150c4c5d1bdc,,,22,2,[],1.0,22,True,False
positive,Liszt/Transcendental_Etudes/10/xml_score.musicxml,10,5,5,0,"""D:\MuseScore 4\bin\MuseScore4.exe"" -f -o evidence\R1\full68v2\Liszt\Transcendental_Etudes\10\xml_score.mid data\asap-dataset\Liszt\Transcendental_Etudes\10\xml_score.musicxml",0,False,1.47,True,25587,8914c4d8e5852b5f6cb8576019b70eb01dd9fe9fb373984756298ab70e271070,,,10,2,[],1.0,10,True,False
positive,Liszt/Transcendental_Etudes/11/xml_score.musicxml,16,8,8,0,"""D:\MuseScore 4\bin\MuseScore4.exe"" -f -o evidence\R1\full68v2\Liszt\Transcendental_Etudes\11\xml_score.mid data\asap-dataset\Liszt\Transcendental_Etudes\11\xml_score.musicxml",0,False,1.313,True,32818,8b6570b47731a350db8c54854f017f38731e3b38fb7f1b8864e75b07e8059a3c,,,16,2,[],1.0,16,True,False
positive,Liszt/Transcendental_Etudes/4/xml_score.musicxml,426,213,213,0,"""D:\MuseScore 4\bin\MuseScore4.exe"" -f -o evidence\R1\full68v2\Liszt\Transcendental_Etudes\4\xml_score.mid data\asap-dataset\Liszt\Transcendental_Etudes\4\xml_score.musicxml",0,False,1.794,True,44084,d551d05351f85be3ebdcf7f7eff15e01fab0c540fac6a424c32fe8e1b4ca3bc7,,,426,2,[],1.0,426,True,False
positive,Liszt/Transcendental_Etudes/5/xml_score.musicxml,10,5,5,0,"""D:\MuseScore 4\bin\MuseScore4.exe"" -f -o evidence\R1\full68v2\Liszt\Transcendental_Etudes\5\xml_score.mid data\asap-dataset\Liszt\Transcendental_Etudes\5\xml_score.musicxml",0,False,1.373,True,26991,af0d9adfbd2d1d979a8b6d2f8fb1d39534215697e94b6a62a8f3cc9dcf7337f3,,,10,2,[],1.0,10,True,False
positive,Liszt/Transcendental_Etudes/9/xml_score.musicxml,102,51,51,0,"""D:\MuseScore 4\bin\MuseScore4.exe"" -f -o evidence\R1\full68v2\Liszt\Transcendental_Etudes\9\xml_score.mid data\asap-dataset\Liszt\Transcendental_Etudes\9\xml_score.musicxml",0,False,1.533,True,27958,ddd8c6763289c789def32ea899e1d02fb0e77d0946c6da10470d428ac240f05f,,,102,2,[],1.0,102,True,False
positive,Prokofiev/Toccata/xml_score.musicxml,1,1,0,0,"""D:\MuseScore 4\bin\MuseScore4.exe"" -f -o evidence\R1\full68v2\Prokofiev\Toccata\xml_score.mid data\asap-dataset\Prokofiev\Toccata\xml_score.musicxml",0,False,1.353,True,28633,2330f4cd954e66fde57088926b71e70db9caf601508afb8fad8a739f734ca6d9,,,0,0,[],0.0,0,True,True
positive,Rachmaninoff/Preludes_op_32/10/xml_score.musicxml,48,24,24,0,"""D:\MuseScore 4\bin\MuseScore4.exe"" -f -o evidence\R1\full68v2\Rachmaninoff\Preludes_op_32\10\xml_score.mid data\asap-dataset\Rachmaninoff\Preludes_op_32\10\xml_score.musicxml",0,False,1.204,True,17089,04c06c6518d75b53467ffd0687dfae772abd03f145f99036cb9e8fc2567c848b,,,48,2,[],1.0,48,True,False
positive,Ravel/Gaspard_de_la_Nuit/1_Ondine/xml_score.musicxml,6,3,3,0,"""D:\MuseScore 4\bin\MuseScore4.exe"" -f -o evidence\R1\full68v2\Ravel\Gaspard_de_la_Nuit\1_Ondine\xml_score.mid data\asap-dataset\Ravel\Gaspard_de_la_Nuit\1_Ondine\xml_score.musicxml",0,False,1.628,True,31175,af543377c1fee1d7e2ffe9c0ff65600cd921b1539484aea73ec2c512f8a725ae,,,6,2,[],1.0,6,True,False
positive,Ravel/Miroirs/3_Une_Barque/xml_score.musicxml,279,139,140,0,"""D:\MuseScore 4\bin\MuseScore4.exe"" -f -o evidence\R1\full68v2\Ravel\Miroirs\3_Une_Barque\xml_score.mid data\asap-dataset\Ravel\Miroirs\3_Une_Barque\xml_score.musicxml",0,False,1.712,True,30324,21d18d18069e539d0177bf668162ee7e67ea331287de95a0db9785422fa44384,,,276,2,[],0.9892,278,False,False
positive,Ravel/Miroirs/4_Alborada_del_gracioso/xml_score.musicxml,20,10,10,0,"""D:\MuseScore 4\bin\MuseScore4.exe"" -f -o evidence\R1\full68v2\Ravel\Miroirs\4_Alborada_del_gracioso\xml_score.mid data\asap-dataset\Ravel\Miroirs\4_Alborada_del_gracioso\xml_score.musicxml",0,False,1.6,True,27293,dbfa7361ffcef27f56df67db3f59b6c30a6fd72fb4193bee45e68699fbfb6942,,,20,2,[],1.0,20,True,False
positive,Ravel/Pavane/xml_score.musicxml,4,2,2,0,"""D:\MuseScore 4\bin\MuseScore4.exe"" -f -o evidence\R1\full68v2\Ravel\Pavane\xml_score.mid data\asap-dataset\Ravel\Pavane\xml_score.musicxml",0,False,1.088,True,12240,0b02fa9fc3aa776a5ba0cc2ac80c8fe17ed2869de164e0e054edcc076aeec7b5,,,4,2,[],1.0,4,True,False
positive,Schubert/Impromptu_op.90_D.899/3/xml_score.musicxml,1,1,0,0,"""D:\MuseScore 4\bin\MuseScore4.exe"" -f -o evidence\R1\full68v2\Schubert\Impromptu_op.90_D.899\3\xml_score.mid data\asap-dataset\Schubert\Impromptu_op.90_D.899\3\xml_score.musicxml",0,False,1.271,True,19193,6df3b714edf79cb775415aa4a5c3325bfbd54c70fcf35b2b92236f38f8198bf5,,,0,0,[],0.0,0,True,True
positive,Schumann/Arabeske/xml_score.musicxml,195,127,68,0,"""D:\MuseScore 4\bin\MuseScore4.exe"" -f -o evidence\R1\full68v2\Schumann\Arabeske\xml_score.mid data\asap-dataset\Schumann\Arabeske\xml_score.musicxml",0,False,1.357,True,19807,e2a6edc395f1049e293c805ae66055cf654feb370be08174e780fd3c9bf2d2bc,,,136,2,[],0.6974,136,True,False
positive,Schumann/Kreisleriana/3/xml_score.musicxml,1,0,1,0,"""D:\MuseScore 4\bin\MuseScore4.exe"" -f -o evidence\R1\full68v2\Schumann\Kreisleriana\3\xml_score.mid data\asap-dataset\Schumann\Kreisleriana\3\xml_score.musicxml",0,False,1.284,True,13882,f7da86d98fed69c715f5ca15e4ada60f9669de446d374d0aaa12307791bc17d2,,,0,0,[],0.0,0,True,False
positive,Schumann/Kreisleriana/3_no_repeat/xml_score.musicxml,1,0,1,0,"""D:\MuseScore 4\bin\MuseScore4.exe"" -f -o evidence\R1\full68v2\Schumann\Kreisleriana\3_no_repeat\xml_score.mid data\asap-dataset\Schumann\Kreisleriana\3_no_repeat\xml_score.musicxml",0,False,1.216,True,11616,170288aa9af68f152b519a66f920ed43848f41f948a69e39e30379e98a68fbb9,,,0,0,[],0.0,0,True,False
positive,Schumann/Kreisleriana/4/xml_score.musicxml,6,4,2,0,"""D:\MuseScore 4\bin\MuseScore4.exe"" -f -o evidence\R1\full68v2\Schumann\Kreisleriana\4\xml_score.mid data\asap-dataset\Schumann\Kreisleriana\4\xml_score.musicxml",0,False,0.917,True,4477,5572370c0420c23e2b42e0bbb7d243e2a5fb17a13fd848328568b7f625eeab07,,,4,2,[],0.6667,4,True,False
positive,Schumann/Kreisleriana/6/xml_score.musicxml,12,11,1,0,"""D:\MuseScore 4\bin\MuseScore4.exe"" -f -o evidence\R1\full68v2\Schumann\Kreisleriana\6\xml_score.mid data\asap-dataset\Schumann\Kreisleriana\6\xml_score.musicxml",0,False,1.078,True,4756,f667d7ee7541f2d9e00814899c2b928277762e4f676bacb82c07864e63e3d6cd,,,2,2,[],0.1667,2,True,False
positive,Schumann/Kreisleriana/7/xml_score.musicxml,2,1,1,0,"""D:\MuseScore 4\bin\MuseScore4.exe"" -f -o evidence\R1\full68v2\Schumann\Kreisleriana\7\xml_score.mid data\asap-dataset\Schumann\Kreisleriana\7\xml_score.musicxml",0,False,1.159,True,9755,8638144b273e8e776727c1f138b5a040cfe091fc5909ba6e8a8a7684006d1dba,,,2,2,[],1.0,2,True,False
positive,Scriabin/Etudes_op_8/11/xml_score.musicxml,2,1,1,0,"""D:\MuseScore 4\bin\MuseScore4.exe"" -f -o evidence\R1\full68v2\Scriabin\Etudes_op_8\11\xml_score.mid data\asap-dataset\Scriabin\Etudes_op_8\11\xml_score.musicxml",0,False,0.979,True,9055,936a8cb83951570272e51bd136e5b9d2a917221da16f52fdbc7cece386eef74b,,,2,2,[],1.0,2,True,False
positive,Scriabin/Sonatas/5/xml_score.musicxml,17,10,7,0,"""D:\MuseScore 4\bin\MuseScore4.exe"" -f -o evidence\R1\full68v2\Scriabin\Sonatas\5\xml_score.mid data\asap-dataset\Scriabin\Sonatas\5\xml_score.musicxml",0,False,2.178,True,49224,a6925869da347d0401acd522bdf9f1dd1b4b38af589ecd21ae7ef6e98e533f66,,,14,2,[],0.8235,14,True,False
negative,Bach/Fugue/bwv_846/xml_score.musicxml,0,0,0,0,"""D:\MuseScore 4\bin\MuseScore4.exe"" -f -o evidence\R1\full68v2\Bach\Fugue\bwv_846\xml_score.mid data\asap-dataset\Bach\Fugue\bwv_846\xml_score.musicxml",3221225477,False,2.697,True,4822,99fd163c973c3663b219931b88cfaca8d7004f40fa4602a226bd4334efe9b16f,,"[36504:28480:20261007,222752.043:ERROR filesystem_win.cc:129] GetFileAttributes C:/Users/34423/AppData/Local/MuseScore/MuseScore4/logs/dumps\attachments\c440e20c-49cf-4ac7-a7e1-28ee36f9fb48: 系统找不到指定的文",0,0,[],,0,True,False
negative,Bach/Fugue/bwv_848/xml_score.musicxml,0,0,0,0,"""D:\MuseScore 4\bin\MuseScore4.exe"" -f -o evidence\R1\full68v2\Bach\Fugue\bwv_848\xml_score.mid data\asap-dataset\Bach\Fugue\bwv_848\xml_score.musicxml",0,False,0.966,True,8969,06104666972eb6b2c2f3c62b59fd34034c71ba5fa6e4e67ad3496c70ee7d5567,,,0,0,[],,0,True,False
negative,Bach/Fugue/bwv_854/xml_score.musicxml,0,0,0,0,"""D:\MuseScore 4\bin\MuseScore4.exe"" -f -o evidence\R1\full68v2\Bach\Fugue\bwv_854\xml_score.mid data\asap-dataset\Bach\Fugue\bwv_854\xml_score.musicxml",0,False,1.035,True,4697,987298469eb56a044b0f4bef9f08f7282c07628c0c01858666811d9d19b7653e,,,0,0,[],,0,True,False
