kind,relative_path,pedal_elements,pedal_start,pedal_stop,pedal_other,command,exit_code,timed_out,wall_seconds,output_exists,stdout_head,stderr_head,cc64_messages,cc64_distinct_values,cc64_nonendpoint_values,cc64_per_pedal_element,identity_expected_2xmin,identity_match,veto_no_cc64_with_start
positive,Beethoven/Piano_Sonatas/11-2/xml_score.musicxml,166,83,83,0,"""D:\MuseScore 4\bin\MuseScore4.exe"" -f -o evidence\R1\full68\Beethoven\Piano_Sonatas\11-2\xml_score.mid data\asap-dataset\Beethoven\Piano_Sonatas\11-2\xml_score.musicxml",0,False,1.125,True,,,166,2,[],1.0,166,True,False
positive,Beethoven/Piano_Sonatas/14-3/xml_score.musicxml,38,19,19,0,"""D:\MuseScore 4\bin\MuseScore4.exe"" -f -o evidence\R1\full68\Beethoven\Piano_Sonatas\14-3\xml_score.mid data\asap-dataset\Beethoven\Piano_Sonatas\14-3\xml_score.musicxml",0,False,1.452,True,,,38,2,[],1.0,38,True,False
positive,Beethoven/Piano_Sonatas/21-3/xml_score.musicxml,7,0,7,0,"""D:\MuseScore 4\bin\MuseScore4.exe"" -f -o evidence\R1\full68\Beethoven\Piano_Sonatas\21-3\xml_score.mid data\asap-dataset\Beethoven\Piano_Sonatas\21-3\xml_score.musicxml",0,False,1.931,True,,,0,0,[],0.0,0,True,False
positive,Beethoven/Piano_Sonatas/24-2/xml_score.musicxml,2,0,2,0,"""D:\MuseScore 4\bin\MuseScore4.exe"" -f -o evidence\R1\full68\Beethoven\Piano_Sonatas\24-2\xml_score.mid data\asap-dataset\Beethoven\Piano_Sonatas\24-2\xml_score.musicxml",0,False,1.242,True,,,0,0,[],0.0,0,True,False
positive,Beethoven/Piano_Sonatas/26-2/xml_score.musicxml,3,1,2,0,"""D:\MuseScore 4\bin\MuseScore4.exe"" -f -o evidence\R1\full68\Beethoven\Piano_Sonatas\26-2\xml_score.mid data\asap-dataset\Beethoven\Piano_Sonatas\26-2\xml_score.musicxml",0,False,0.902,True,,,2,2,[],0.6667,2,True,False
positive,Beethoven/Piano_Sonatas/28-1/xml_score.musicxml,2,0,2,0,"""D:\MuseScore 4\bin\MuseScore4.exe"" -f -o evidence\R1\full68\Beethoven\Piano_Sonatas\28-1\xml_score.mid data\asap-dataset\Beethoven\Piano_Sonatas\28-1\xml_score.musicxml",0,False,1.112,True,,,0,0,[],0.0,0,True,False
positive,Beethoven/Piano_Sonatas/29-2/xml_score.musicxml,4,2,2,0,"""D:\MuseScore 4\bin\MuseScore4.exe"" -f -o evidence\R1\full68\Beethoven\Piano_Sonatas\29-2\xml_score.mid data\asap-dataset\Beethoven\Piano_Sonatas\29-2\xml_score.musicxml",0,False,1.13,True,,,4,2,[],1.0,4,True,False
positive,Beethoven/Piano_Sonatas/29-3/xml_score.musicxml,6,1,5,0,"""D:\MuseScore 4\bin\MuseScore4.exe"" -f -o evidence\R1\full68\Beethoven\Piano_Sonatas\29-3\xml_score.mid data\asap-dataset\Beethoven\Piano_Sonatas\29-3\xml_score.musicxml",0,False,1.521,True,,,2,2,[],0.3333,2,True,False
positive,Beethoven/Piano_Sonatas/29-4/xml_score.musicxml,22,10,12,0,"""D:\MuseScore 4\bin\MuseScore4.exe"" -f -o evidence\R1\full68\Beethoven\Piano_Sonatas\29-4\xml_score.mid data\asap-dataset\Beethoven\Piano_Sonatas\29-4\xml_score.musicxml",0,False,2.001,True,,,14,2,[],0.6364,20,False,False
positive,Beethoven/Piano_Sonatas/30-1/xml_score.musicxml,12,6,6,0,"""D:\MuseScore 4\bin\MuseScore4.exe"" -f -o evidence\R1\full68\Beethoven\Piano_Sonatas\30-1\xml_score.mid data\asap-dataset\Beethoven\Piano_Sonatas\30-1\xml_score.musicxml",0,False,1.17,True,,,12,2,[],1.0,12,True,False
positive,Beethoven/Piano_Sonatas/31-2/xml_score.musicxml,9,2,7,0,"""D:\MuseScore 4\bin\MuseScore4.exe"" -f -o evidence\R1\full68\Beethoven\Piano_Sonatas\31-2\xml_score.mid data\asap-dataset\Beethoven\Piano_Sonatas\31-2\xml_score.musicxml",0,False,1.093,True,,,4,2,[],0.4444,4,True,False
positive,Beethoven/Piano_Sonatas/31-2_no_repeat/xml_score.musicxml,9,2,7,0,"""D:\MuseScore 4\bin\MuseScore4.exe"" -f -o evidence\R1\full68\Beethoven\Piano_Sonatas\31-2_no_repeat\xml_score.mid data\asap-dataset\Beethoven\Piano_Sonatas\31-2_no_repeat\xml_score.musicxml",0,False,0.917,True,,,4,2,[],0.4444,4,True,False
positive,Beethoven/Piano_Sonatas/31-3_4/xml_score.musicxml,5,2,3,0,"""D:\MuseScore 4\bin\MuseScore4.exe"" -f -o evidence\R1\full68\Beethoven\Piano_Sonatas\31-3_4\xml_score.mid data\asap-dataset\Beethoven\Piano_Sonatas\31-3_4\xml_score.musicxml",0,False,1.333,True,,,4,2,[],0.8,4,True,False
positive,Beethoven/Piano_Sonatas/32-1/xml_score.musicxml,7,3,4,0,"""D:\MuseScore 4\bin\MuseScore4.exe"" -f -o evidence\R1\full68\Beethoven\Piano_Sonatas\32-1\xml_score.mid data\asap-dataset\Beethoven\Piano_Sonatas\32-1\xml_score.musicxml",0,False,1.436,True,,,6,2,[],0.8571,6,True,False
positive,Beethoven/Piano_Sonatas/32-1_no_repeat/xml_score.musicxml,7,3,4,0,"""D:\MuseScore 4\bin\MuseScore4.exe"" -f -o evidence\R1\full68\Beethoven\Piano_Sonatas\32-1_no_repeat\xml_score.mid data\asap-dataset\Beethoven\Piano_Sonatas\32-1_no_repeat\xml_score.musicxml",0,False,1.281,True,,,6,2,[],0.8571,6,True,False
positive,Brahms/Six_Pieces_op_118/2/xml_score.musicxml,2,1,1,0,"""D:\MuseScore 4\bin\MuseScore4.exe"" -f -o evidence\R1\full68\Brahms\Six_Pieces_op_118\2\xml_score.mid data\asap-dataset\Brahms\Six_Pieces_op_118\2\xml_score.musicxml",0,False,1.133,True,,,2,2,[],1.0,2,True,False
positive,Chopin/Ballades/1/xml_score.musicxml,465,242,223,0,"""D:\MuseScore 4\bin\MuseScore4.exe"" -f -o evidence\R1\full68\Chopin\Ballades\1\xml_score.mid data\asap-dataset\Chopin\Ballades\1\xml_score.musicxml",0,False,1.641,True,,,432,2,[],0.929,446,False,False
positive,Chopin/Ballades/3/xml_score.musicxml,480,240,240,0,"""D:\MuseScore 4\bin\MuseScore4.exe"" -f -o evidence\R1\full68\Chopin\Ballades\3\xml_score.mid data\asap-dataset\Chopin\Ballades\3\xml_score.musicxml",0,False,1.568,True,,,478,2,[],0.9958,480,False,False
positive,Chopin/Barcarolle/xml_score.musicxml,455,246,209,0,"""D:\MuseScore 4\bin\MuseScore4.exe"" -f -o evidence\R1\full68\Chopin\Barcarolle\xml_score.mid data\asap-dataset\Chopin\Barcarolle\xml_score.musicxml",0,False,1.561,True,,,388,2,[],0.8527,418,False,False
positive,Chopin/Etudes_op_10/1/xml_score.musicxml,5,1,4,0,"""D:\MuseScore 4\bin\MuseScore4.exe"" -f -o evidence\R1\full68\Chopin\Etudes_op_10\1\xml_score.mid data\asap-dataset\Chopin\Etudes_op_10\1\xml_score.musicxml",0,False,1.063,True,,,2,2,[],0.4,2,True,False
positive,Chopin/Etudes_op_10/10/xml_score.musicxml,286,143,143,0,"""D:\MuseScore 4\bin\MuseScore4.exe"" -f -o evidence\R1\full68\Chopin\Etudes_op_10\10\xml_score.mid data\asap-dataset\Chopin\Etudes_op_10\10\xml_score.musicxml",0,False,1.256,True,,,286,2,[],1.0,286,True,False
positive,Chopin/Etudes_op_10/5/xml_score.musicxml,13,2,11,0,"""D:\MuseScore 4\bin\MuseScore4.exe"" -f -o evidence\R1\full68\Chopin\Etudes_op_10\5\xml_score.mid data\asap-dataset\Chopin\Etudes_op_10\5\xml_score.musicxml",0,False,1.159,True,,,4,2,[],0.3077,4,True,False
positive,Chopin/Etudes_op_10/7/xml_score.musicxml,18,9,9,0,"""D:\MuseScore 4\bin\MuseScore4.exe"" -f -o evidence\R1\full68\Chopin\Etudes_op_10\7\xml_score.mid data\asap-dataset\Chopin\Etudes_op_10\7\xml_score.musicxml",0,False,1.091,True,,,18,2,[],1.0,18,True,False
positive,Chopin/Etudes_op_10/8/xml_score.musicxml,72,37,35,0,"""D:\MuseScore 4\bin\MuseScore4.exe"" -f -o evidence\R1\full68\Chopin\Etudes_op_10\8\xml_score.mid data\asap-dataset\Chopin\Etudes_op_10\8\xml_score.musicxml",0,False,1.176,True,,,68,2,[],0.9444,70,False,False
positive,Chopin/Etudes_op_25/1/xml_score.musicxml,182,96,86,0,"""D:\MuseScore 4\bin\MuseScore4.exe"" -f -o evidence\R1\full68\Chopin\Etudes_op_25\1\xml_score.mid data\asap-dataset\Chopin\Etudes_op_25\1\xml_score.musicxml",0,False,1.263,True,,,152,2,[],0.8352,172,False,False
positive,Chopin/Etudes_op_25/12/xml_score.musicxml,1,0,1,0,"""D:\MuseScore 4\bin\MuseScore4.exe"" -f -o evidence\R1\full68\Chopin\Etudes_op_25\12\xml_score.mid data\asap-dataset\Chopin\Etudes_op_25\12\xml_score.musicxml",0,False,1.332,True,,,0,0,[],0.0,0,True,False
positive,Chopin/Etudes_op_25/5/xml_score.musicxml,119,61,58,0,"""D:\MuseScore 4\bin\MuseScore4.exe"" -f -o evidence\R1\full68\Chopin\Etudes_op_25\5\xml_score.mid data\asap-dataset\Chopin\Etudes_op_25\5\xml_score.musicxml",0,False,1.338,True,,,116,2,[],0.9748,116,True,False
positive,Chopin/Etudes_op_25/8/xml_score.musicxml,96,48,48,0,"""D:\MuseScore 4\bin\MuseScore4.exe"" -f -o evidence\R1\full68\Chopin\Etudes_op_25\8\xml_score.mid data\asap-dataset\Chopin\Etudes_op_25\8\xml_score.musicxml",0,False,1.03,True,,,96,2,[],1.0,96,True,False
positive,Chopin/Scherzos/20/xml_score.musicxml,420,210,210,0,"""D:\MuseScore 4\bin\MuseScore4.exe"" -f -o evidence\R1\full68\Chopin\Scherzos\20\xml_score.mid data\asap-dataset\Chopin\Scherzos\20\xml_score.musicxml",0,False,1.893,True,,,420,2,[],1.0,420,True,False
positive,Chopin/Scherzos/31/xml_score.musicxml,479,250,229,0,"""D:\MuseScore 4\bin\MuseScore4.exe"" -f -o evidence\R1\full68\Chopin\Scherzos\31\xml_score.mid data\asap-dataset\Chopin\Scherzos\31\xml_score.musicxml",0,False,2.122,True,,,456,2,[],0.952,458,False,False
positive,Chopin/Scherzos/39/xml_score.musicxml,236,118,118,0,"""D:\MuseScore 4\bin\MuseScore4.exe"" -f -o evidence\R1\full68\Chopin\Scherzos\39\xml_score.mid data\asap-dataset\Chopin\Scherzos\39\xml_score.musicxml",0,False,1.612,True,,,224,2,[],0.9492,236,False,False
positive,Chopin/Sonata_2/1st_no_repeat/xml_score.musicxml,1,0,1,0,"""D:\MuseScore 4\bin\MuseScore4.exe"" -f -o evidence\R1\full68\Chopin\Sonata_2\1st_no_repeat\xml_score.mid data\asap-dataset\Chopin\Sonata_2\1st_no_repeat\xml_score.musicxml",0,False,1.255,True,,,0,0,[],0.0,0,True,False
positive,Chopin/Sonata_2/2nd/xml_score.musicxml,1,0,1,0,"""D:\MuseScore 4\bin\MuseScore4.exe"" -f -o evidence\R1\full68\Chopin\Sonata_2\2nd\xml_score.mid data\asap-dataset\Chopin\Sonata_2\2nd\xml_score.musicxml",0,False,1.437,True,,,0,0,[],0.0,0,True,False
positive,Chopin/Sonata_2/2nd_no_repeat/xml_score.musicxml,1,0,1,0,"""D:\MuseScore 4\bin\MuseScore4.exe"" -f -o evidence\R1\full68\Chopin\Sonata_2\2nd_no_repeat\xml_score.mid data\asap-dataset\Chopin\Sonata_2\2nd_no_repeat\xml_score.musicxml",0,False,1.354,True,,,0,0,[],0.0,0,True,False
positive,Chopin/Sonata_3/2nd/xml_score.musicxml,42,0,42,0,"""D:\MuseScore 4\bin\MuseScore4.exe"" -f -o evidence\R1\full68\Chopin\Sonata_3\2nd\xml_score.mid data\asap-dataset\Chopin\Sonata_3\2nd\xml_score.musicxml",0,False,1.012,True,,,0,0,[],0.0,0,True,False
positive,Chopin/Sonata_3/3rd/xml_score.musicxml,20,8,12,0,"""D:\MuseScore 4\bin\MuseScore4.exe"" -f -o evidence\R1\full68\Chopin\Sonata_3\3rd\xml_score.mid data\asap-dataset\Chopin\Sonata_3\3rd\xml_score.musicxml",3221225477,False,24.485,True,,"[17984:36472:20261007,221554.112:ERROR filesystem_win.cc:129] GetFileAttributes C:/Users/34423/AppData/Local/MuseScore/MuseScore4/logs/dumps\attachments\06d609aa-a3b2-4187-a8a3-3f3bdcecc1a1: 系统找不到指定的文",12,2,[],0.6,16,False,False
positive,Chopin/Sonata_3/4th/xml_score.musicxml,14,0,14,0,"""D:\MuseScore 4\bin\MuseScore4.exe"" -f -o evidence\R1\full68\Chopin\Sonata_3\4th\xml_score.mid data\asap-dataset\Chopin\Sonata_3\4th\xml_score.musicxml",0,False,1.42,True,,,0,0,[],0.0,0,True,False
positive,Debussy/Images_Book_1/1_Reflets_dans_lEau/xml_score.musicxml,10,5,5,0,"""D:\MuseScore 4\bin\MuseScore4.exe"" -f -o evidence\R1\full68\Debussy\Images_Book_1\1_Reflets_dans_lEau\xml_score.mid data\asap-dataset\Debussy\Images_Book_1\1_Reflets_dans_lEau\xml_score.musicxml",0,False,1.258,True,,,10,2,[],1.0,10,True,False
positive,Liszt/Annees_de_pelerinage_2/1_Gondoliera/xml_score.musicxml,60,30,30,0,"""D:\MuseScore 4\bin\MuseScore4.exe"" -f -o evidence\R1\full68\Liszt\Annees_de_pelerinage_2\1_Gondoliera\xml_score.mid data\asap-dataset\Liszt\Annees_de_pelerinage_2\1_Gondoliera\xml_score.musicxml",0,False,1.394,True,,,60,2,[],1.0,60,True,False
positive,Liszt/Ballade_2/xml_score.musicxml,34,17,17,0,"""D:\MuseScore 4\bin\MuseScore4.exe"" -f -o evidence\R1\full68\Liszt\Ballade_2\xml_score.mid data\asap-dataset\Liszt\Ballade_2\xml_score.musicxml",0,False,1.863,True,,,34,2,[],1.0,34,True,False
positive,Liszt/Concert_Etude_S145/1/xml_score.musicxml,315,158,157,0,"""D:\MuseScore 4\bin\MuseScore4.exe"" -f -o evidence\R1\full68\Liszt\Concert_Etude_S145\1\xml_score.mid data\asap-dataset\Liszt\Concert_Etude_S145\1\xml_score.musicxml",0,False,1.342,True,,,314,2,[],0.9968,314,True,False
positive,Liszt/Concert_Etude_S145/2/xml_score.musicxml,420,210,210,0,"""D:\MuseScore 4\bin\MuseScore4.exe"" -f -o evidence\R1\full68\Liszt\Concert_Etude_S145\2\xml_score.mid data\asap-dataset\Liszt\Concert_Etude_S145\2\xml_score.musicxml",0,False,1.427,True,,,420,2,[],1.0,420,True,False
positive,Liszt/Gran_Etudes_de_Paganini/2_La_campanella/xml_score.musicxml,14,7,7,0,"""D:\MuseScore 4\bin\MuseScore4.exe"" -f -o evidence\R1\full68\Liszt\Gran_Etudes_de_Paganini\2_La_campanella\xml_score.mid data\asap-dataset\Liszt\Gran_Etudes_de_Paganini\2_La_campanella\xml_score.musicxml",0,False,1.38,True,,,14,2,[],1.0,14,True,False
positive,Liszt/Hungarian_Rhapsodies/6/xml_score.musicxml,362,181,181,0,"""D:\MuseScore 4\bin\MuseScore4.exe"" -f -o evidence\R1\full68\Liszt\Hungarian_Rhapsodies\6\xml_score.mid data\asap-dataset\Liszt\Hungarian_Rhapsodies\6\xml_score.musicxml",0,False,1.502,True,,,356,2,[],0.9834,362,False,False
positive,Liszt/Hungarian_Rhapsodies/6_no_repeat/xml_score.musicxml,362,181,181,0,"""D:\MuseScore 4\bin\MuseScore4.exe"" -f -o evidence\R1\full68\Liszt\Hungarian_Rhapsodies\6_no_repeat\xml_score.mid data\asap-dataset\Liszt\Hungarian_Rhapsodies\6_no_repeat\xml_score.musicxml",0,False,1.444,True,,,356,2,[],0.9834,362,False,False
positive,Liszt/Mephisto_Waltz/xml_score.musicxml,685,392,293,0,"""D:\MuseScore 4\bin\MuseScore4.exe"" -f -o evidence\R1\full68\Liszt\Mephisto_Waltz\xml_score.mid data\asap-dataset\Liszt\Mephisto_Waltz\xml_score.musicxml",0,False,2.56,True,,,586,2,[],0.8555,586,True,False
positive,Liszt/Sonata/xml_score.musicxml,519,256,263,0,"""D:\MuseScore 4\bin\MuseScore4.exe"" -f -o evidence\R1\full68\Liszt\Sonata\xml_score.mid data\asap-dataset\Liszt\Sonata\xml_score.musicxml",0,False,3.518,True,,,502,2,[],0.9672,512,False,False
positive,Liszt/Transcendental_Etudes/1/xml_score.musicxml,22,11,11,0,"""D:\MuseScore 4\bin\MuseScore4.exe"" -f -o evidence\R1\full68\Liszt\Transcendental_Etudes\1\xml_score.mid data\asap-dataset\Liszt\Transcendental_Etudes\1\xml_score.musicxml",0,False,1.037,True,,,22,2,[],1.0,22,True,False
positive,Liszt/Transcendental_Etudes/10/xml_score.musicxml,10,5,5,0,"""D:\MuseScore 4\bin\MuseScore4.exe"" -f -o evidence\R1\full68\Liszt\Transcendental_Etudes\10\xml_score.mid data\asap-dataset\Liszt\Transcendental_Etudes\10\xml_score.musicxml",0,False,1.334,True,,,10,2,[],1.0,10,True,False
positive,Liszt/Transcendental_Etudes/11/xml_score.musicxml,16,8,8,0,"""D:\MuseScore 4\bin\MuseScore4.exe"" -f -o evidence\R1\full68\Liszt\Transcendental_Etudes\11\xml_score.mid data\asap-dataset\Liszt\Transcendental_Etudes\11\xml_score.musicxml",0,False,1.47,True,,,16,2,[],1.0,16,True,False
positive,Liszt/Transcendental_Etudes/4/xml_score.musicxml,426,213,213,0,"""D:\MuseScore 4\bin\MuseScore4.exe"" -f -o evidence\R1\full68\Liszt\Transcendental_Etudes\4\xml_score.mid data\asap-dataset\Liszt\Transcendental_Etudes\4\xml_score.musicxml",0,False,1.732,True,,,426,2,[],1.0,426,True,False
positive,Liszt/Transcendental_Etudes/5/xml_score.musicxml,10,5,5,0,"""D:\MuseScore 4\bin\MuseScore4.exe"" -f -o evidence\R1\full68\Liszt\Transcendental_Etudes\5\xml_score.mid data\asap-dataset\Liszt\Transcendental_Etudes\5\xml_score.musicxml",0,False,1.478,True,,,10,2,[],1.0,10,True,False
positive,Liszt/Transcendental_Etudes/9/xml_score.musicxml,102,51,51,0,"""D:\MuseScore 4\bin\MuseScore4.exe"" -f -o evidence\R1\full68\Liszt\Transcendental_Etudes\9\xml_score.mid data\asap-dataset\Liszt\Transcendental_Etudes\9\xml_score.musicxml",0,False,1.523,True,,,102,2,[],1.0,102,True,False
positive,Prokofiev/Toccata/xml_score.musicxml,1,1,0,0,"""D:\MuseScore 4\bin\MuseScore4.exe"" -f -o evidence\R1\full68\Prokofiev\Toccata\xml_score.mid data\asap-dataset\Prokofiev\Toccata\xml_score.musicxml",0,False,1.556,True,,,0,0,[],0.0,0,True,True
positive,Rachmaninoff/Preludes_op_32/10/xml_score.musicxml,48,24,24,0,"""D:\MuseScore 4\bin\MuseScore4.exe"" -f -o evidence\R1\full68\Rachmaninoff\Preludes_op_32\10\xml_score.mid data\asap-dataset\Rachmaninoff\Preludes_op_32\10\xml_score.musicxml",0,False,1.159,True,,,48,2,[],1.0,48,True,False
positive,Ravel/Gaspard_de_la_Nuit/1_Ondine/xml_score.musicxml,6,3,3,0,"""D:\MuseScore 4\bin\MuseScore4.exe"" -f -o evidence\R1\full68\Ravel\Gaspard_de_la_Nuit\1_Ondine\xml_score.mid data\asap-dataset\Ravel\Gaspard_de_la_Nuit\1_Ondine\xml_score.musicxml",0,False,1.512,True,,,6,2,[],1.0,6,True,False
positive,Ravel/Miroirs/3_Une_Barque/xml_score.musicxml,279,139,140,0,"""D:\MuseScore 4\bin\MuseScore4.exe"" -f -o evidence\R1\full68\Ravel\Miroirs\3_Une_Barque\xml_score.mid data\asap-dataset\Ravel\Miroirs\3_Une_Barque\xml_score.musicxml",0,False,1.729,True,,,276,2,[],0.9892,278,False,False
positive,Ravel/Miroirs/4_Alborada_del_gracioso/xml_score.musicxml,20,10,10,0,"""D:\MuseScore 4\bin\MuseScore4.exe"" -f -o evidence\R1\full68\Ravel\Miroirs\4_Alborada_del_gracioso\xml_score.mid data\asap-dataset\Ravel\Miroirs\4_Alborada_del_gracioso\xml_score.musicxml",0,False,1.595,True,,,20,2,[],1.0,20,True,False
positive,Ravel/Pavane/xml_score.musicxml,4,2,2,0,"""D:\MuseScore 4\bin\MuseScore4.exe"" -f -o evidence\R1\full68\Ravel\Pavane\xml_score.mid data\asap-dataset\Ravel\Pavane\xml_score.musicxml",0,False,1.067,True,,,4,2,[],1.0,4,True,False
positive,Schubert/Impromptu_op.90_D.899/3/xml_score.musicxml,1,1,0,0,"""D:\MuseScore 4\bin\MuseScore4.exe"" -f -o evidence\R1\full68\Schubert\Impromptu_op.90_D.899\3\xml_score.mid data\asap-dataset\Schubert\Impromptu_op.90_D.899\3\xml_score.musicxml",0,False,1.218,True,,,0,0,[],0.0,0,True,True
positive,Schumann/Arabeske/xml_score.musicxml,195,127,68,0,"""D:\MuseScore 4\bin\MuseScore4.exe"" -f -o evidence\R1\full68\Schumann\Arabeske\xml_score.mid data\asap-dataset\Schumann\Arabeske\xml_score.musicxml",0,False,1.3,True,,,136,2,[],0.6974,136,True,False
positive,Schumann/Kreisleriana/3/xml_score.musicxml,1,0,1,0,"""D:\MuseScore 4\bin\MuseScore4.exe"" -f -o evidence\R1\full68\Schumann\Kreisleriana\3\xml_score.mid data\asap-dataset\Schumann\Kreisleriana\3\xml_score.musicxml",0,False,1.291,True,,,0,0,[],0.0,0,True,False
positive,Schumann/Kreisleriana/3_no_repeat/xml_score.musicxml,1,0,1,0,"""D:\MuseScore 4\bin\MuseScore4.exe"" -f -o evidence\R1\full68\Schumann\Kreisleriana\3_no_repeat\xml_score.mid data\asap-dataset\Schumann\Kreisleriana\3_no_repeat\xml_score.musicxml",0,False,1.17,True,,,0,0,[],0.0,0,True,False
positive,Schumann/Kreisleriana/4/xml_score.musicxml,6,4,2,0,"""D:\MuseScore 4\bin\MuseScore4.exe"" -f -o evidence\R1\full68\Schumann\Kreisleriana\4\xml_score.mid data\asap-dataset\Schumann\Kreisleriana\4\xml_score.musicxml",0,False,1.047,True,,,4,2,[],0.6667,4,True,False
positive,Schumann/Kreisleriana/6/xml_score.musicxml,12,11,1,0,"""D:\MuseScore 4\bin\MuseScore4.exe"" -f -o evidence\R1\full68\Schumann\Kreisleriana\6\xml_score.mid data\asap-dataset\Schumann\Kreisleriana\6\xml_score.musicxml",0,False,1.053,True,,,2,2,[],0.1667,2,True,False
positive,Schumann/Kreisleriana/7/xml_score.musicxml,2,1,1,0,"""D:\MuseScore 4\bin\MuseScore4.exe"" -f -o evidence\R1\full68\Schumann\Kreisleriana\7\xml_score.mid data\asap-dataset\Schumann\Kreisleriana\7\xml_score.musicxml",0,False,1.143,True,,,2,2,[],1.0,2,True,False
positive,Scriabin/Etudes_op_8/11/xml_score.musicxml,2,1,1,0,"""D:\MuseScore 4\bin\MuseScore4.exe"" -f -o evidence\R1\full68\Scriabin\Etudes_op_8\11\xml_score.mid data\asap-dataset\Scriabin\Etudes_op_8\11\xml_score.musicxml",0,False,1.029,True,,,2,2,[],1.0,2,True,False
positive,Scriabin/Sonatas/5/xml_score.musicxml,17,10,7,0,"""D:\MuseScore 4\bin\MuseScore4.exe"" -f -o evidence\R1\full68\Scriabin\Sonatas\5\xml_score.mid data\asap-dataset\Scriabin\Sonatas\5\xml_score.musicxml",0,False,2.213,True,,,14,2,[],0.8235,14,True,False
negative,Bach/Fugue/bwv_846/xml_score.musicxml,0,0,0,0,"""D:\MuseScore 4\bin\MuseScore4.exe"" -f -o evidence\R1\full68\Bach\Fugue\bwv_846\xml_score.mid data\asap-dataset\Bach\Fugue\bwv_846\xml_score.musicxml",0,False,0.976,True,,,0,0,[],,0,True,False
negative,Bach/Fugue/bwv_848/xml_score.musicxml,0,0,0,0,"""D:\MuseScore 4\bin\MuseScore4.exe"" -f -o evidence\R1\full68\Bach\Fugue\bwv_848\xml_score.mid data\asap-dataset\Bach\Fugue\bwv_848\xml_score.musicxml",0,False,1.15,True,,,0,0,[],,0,True,False
