epoch,train_loss,inner_val_micro,inner_val_macro,inner_val_DOWN_f1,inner_val_UP_f1
1,740.1122826109541,0.5773853500315344,0.26581638823720816,0.05000290714576429,0.014929282346778419
2,686.919373857214,0.831155959996396,0.33102420234494095,0.06391409945033874,0.020739404869251576
3,619.679026502244,0.9498873772411929,0.34639652766955353,0.04523580365736285,0.01968019680196802
4,532.0018635201961,0.9691683935489683,0.32942771415873917,0.003940886699507389,0.0
5,420.3002293363531,0.9696008649427876,0.3281886133043009,0.0,0.0
6,283.9318967778632,0.9696188845841968,0.3281917099709678,0.0,0.0
7,134.95228268237824,0.9696188845841968,0.3281917099709678,0.0,0.0
8,38.97072660162094,0.9696188845841968,0.3281917099709678,0.0,0.0
9,12.251059970957167,0.9696188845841968,0.3281917099709678,0.0,0.0
10,6.818558725904911,0.9696188845841968,0.3281917099709678,0.0,0.0
11,3.424114830950473,0.9696188845841968,0.3281917099709678,0.0,0.0
12,-0.17808246612548828,0.9696188845841968,0.3281917099709678,0.0,0.0
13,-3.340873730943558,0.9696188845841968,0.3281917099709678,0.0,0.0
