domain,scope,metric,value
inner_train,micro,F1,0.9909806604806889
inner_train,macro,F1,0.34648051111789374
inner_train,accuracy,accuracy,0.9909806604806889
inner_train,NONE,F1,0.9954708471444873
inner_train,DOWN,F1,0.04397068620919387
inner_train,UP,F1,0.0
inner_val,micro,F1,0.9498873772411929
inner_val,macro,F1,0.34639652766955353
inner_val,accuracy,accuracy,0.9498873772411929
inner_val,NONE,F1,0.9742735825493298
inner_val,DOWN,F1,0.04523580365736285
inner_val,UP,F1,0.01968019680196802
val,micro,F1,0.9939506849315068
val,macro,F1,0.332325708360356
val,accuracy,accuracy,0.9939506849315068
val,NONE,F1,0.9969771250810681
val,DOWN,F1,0.0
val,UP,F1,0.0
test,micro,F1,0.956056684893768
test,macro,F1,0.32584549395910617
test,accuracy,accuracy,0.956056684893768
test,NONE,F1,0.9775364818773185
test,DOWN,F1,0.0
test,UP,F1,0.0
full,micro,F1,0.9749131354954409
full,macro,F1,0.33478557265880665
full,accuracy,accuracy,0.9749131354954409
full,NONE,F1,0.987297716366861
full,DOWN,F1,0.015217804831653034
full,UP,F1,0.0018411967779056386
