input_path,relative_xml,composer,version,pedal_elements,pedal_start,pedal_stop,has_pedal,source_xml_sha256,selection_kind,command,output_midi,output_bytes,exit_code,elapsed_seconds,success,timed_out,failure_reason,stdout_path,stderr_path,stderr_excerpt,ticks_per_beat,total_midi_messages,cc64_event_count,cc64_non_endpoint_percent,raw_transitions,hysteresis_presses,merged_presses,binary_down_runs,cc64_mid_value_count,raw_transitions_over_starts,hysteresis_presses_over_starts,merged_presses_over_starts,binary_down_runs_over_starts,raw_transitions_over_elements,hysteresis_presses_over_elements,merged_presses_over_elements,binary_down_runs_over_elements
E:\PedNotate\data\asap-dataset\Bach\Fugue\bwv_846\xml_score.musicxml,Bach/Fugue/bwv_846/xml_score.musicxml,Bach,3.1,0,0,0,False,02b92811b2591f22f4c6df9045e5f20f3ab782817547862bf3d8d0a9e099f81b,negative_control,"""D:\MuseScore 4\bin\MuseScore4.exe"" -o E:\PedNotate\data\cache\PN-20261006-003\exports\Bach\Fugue\bwv_846\xml_score.mid E:\PedNotate\data\asap-dataset\Bach\Fugue\bwv_846\xml_score.musicxml",E:\PedNotate\data\cache\PN-20261006-003\exports\Bach\Fugue\bwv_846\xml_score.mid,4822,0,1.072153399999479,True,False,,E:\PedNotate\coordination\evidence\PN-20261006-003\logs\Bach__Fugue__bwv_846__xml_score_musicxml.stdout.txt,E:\PedNotate\coordination\evidence\PN-20261006-003\logs\Bach__Fugue__bwv_846__xml_score_musicxml.stderr.txt,,480,1515,0,,0,0,0,0,0,,,,,,,,
E:\PedNotate\data\asap-dataset\Bach\Fugue\bwv_848\xml_score.musicxml,Bach/Fugue/bwv_848/xml_score.musicxml,Bach,3.1,0,0,0,False,fc160a9c45a4c9e435480c6e371cd858bb14952568e1c5db988366f528257b16,negative_control,"""D:\MuseScore 4\bin\MuseScore4.exe"" -o E:\PedNotate\data\cache\PN-20261006-003\exports\Bach\Fugue\bwv_848\xml_score.mid E:\PedNotate\data\asap-dataset\Bach\Fugue\bwv_848\xml_score.musicxml",E:\PedNotate\data\cache\PN-20261006-003\exports\Bach\Fugue\bwv_848\xml_score.mid,8969,0,1.1564026999994894,True,False,,E:\PedNotate\coordination\evidence\PN-20261006-003\logs\Bach__Fugue__bwv_848__xml_score_musicxml.stdout.txt,E:\PedNotate\coordination\evidence\PN-20261006-003\logs\Bach__Fugue__bwv_848__xml_score_musicxml.stderr.txt,,480,2867,0,,0,0,0,0,0,,,,,,,,
E:\PedNotate\data\asap-dataset\Bach\Fugue\bwv_854\xml_score.musicxml,Bach/Fugue/bwv_854/xml_score.musicxml,Bach,3.1,0,0,0,False,2cbfa9c7d7497210d5ebe4d98ef3df2484290e5ef235417622a1d046977d3990,negative_control,"""D:\MuseScore 4\bin\MuseScore4.exe"" -o E:\PedNotate\data\cache\PN-20261006-003\exports\Bach\Fugue\bwv_854\xml_score.mid E:\PedNotate\data\asap-dataset\Bach\Fugue\bwv_854\xml_score.musicxml",E:\PedNotate\data\cache\PN-20261006-003\exports\Bach\Fugue\bwv_854\xml_score.mid,4697,0,1.0844404999998005,True,False,,E:\PedNotate\coordination\evidence\PN-20261006-003\logs\Bach__Fugue__bwv_854__xml_score_musicxml.stdout.txt,E:\PedNotate\coordination\evidence\PN-20261006-003\logs\Bach__Fugue__bwv_854__xml_score_musicxml.stderr.txt,,480,1489,0,,0,0,0,0,0,,,,,,,,
E:\PedNotate\data\asap-dataset\Beethoven\Piano_Sonatas\11-2\xml_score.musicxml,Beethoven/Piano_Sonatas/11-2/xml_score.musicxml,Beethoven,3.1,166,83,83,True,0d2ea5cf5cdcc2f530793c444f5a0732ec16defc481bfa0350e84be7fd340d02,pedal,"""D:\MuseScore 4\bin\MuseScore4.exe"" -o E:\PedNotate\data\cache\PN-20261006-003\exports\Beethoven\Piano_Sonatas\11-2\xml_score.mid E:\PedNotate\data\asap-dataset\Beethoven\Piano_Sonatas\11-2\xml_score.musicxml",E:\PedNotate\data\cache\PN-20261006-003\exports\Beethoven\Piano_Sonatas\11-2\xml_score.mid,14648,0,1.2625434999999925,True,False,,E:\PedNotate\coordination\evidence\PN-20261006-003\logs\Beethoven__Piano_Sonatas__11-2__xml_score_musicxml.stdout.txt,E:\PedNotate\coordination\evidence\PN-20261006-003\logs\Beethoven__Piano_Sonatas__11-2__xml_score_musicxml.stderr.txt,,480,4563,166,0.0,165,83,9,83,0,1.9879518072289157,1.0,0.10843373493975904,1.0,0.9939759036144579,0.5,0.05421686746987952,0.5
E:\PedNotate\data\asap-dataset\Beethoven\Piano_Sonatas\14-3\xml_score.musicxml,Beethoven/Piano_Sonatas/14-3/xml_score.musicxml,Beethoven,3.1,38,19,19,True,0500c163c80d0042cc14f4656c2da855e5525ab37b22b27a84528d7d4cb693a4,pedal,"""D:\MuseScore 4\bin\MuseScore4.exe"" -o E:\PedNotate\data\cache\PN-20261006-003\exports\Beethoven\Piano_Sonatas\14-3\xml_score.mid E:\PedNotate\data\asap-dataset\Beethoven\Piano_Sonatas\14-3\xml_score.musicxml",E:\PedNotate\data\cache\PN-20261006-003\exports\Beethoven\Piano_Sonatas\14-3\xml_score.mid,30351,0,1.5964124000001902,True,False,,E:\PedNotate\coordination\evidence\PN-20261006-003\logs\Beethoven__Piano_Sonatas__14-3__xml_score_musicxml.stdout.txt,E:\PedNotate\coordination\evidence\PN-20261006-003\logs\Beethoven__Piano_Sonatas__14-3__xml_score_musicxml.stderr.txt,,480,9837,38,0.0,37,19,19,19,0,1.9473684210526316,1.0,1.0,1.0,0.9736842105263158,0.5,0.5,0.5
E:\PedNotate\data\asap-dataset\Beethoven\Piano_Sonatas\21-3\xml_score.musicxml,Beethoven/Piano_Sonatas/21-3/xml_score.musicxml,Beethoven,3.1,7,0,7,True,0b7cff95c5309ab314fc7abc8074bed54a6a763504692dfd1ecfd31af3585e41,pedal,"""D:\MuseScore 4\bin\MuseScore4.exe"" -o E:\PedNotate\data\cache\PN-20261006-003\exports\Beethoven\Piano_Sonatas\21-3\xml_score.mid E:\PedNotate\data\asap-dataset\Beethoven\Piano_Sonatas\21-3\xml_score.musicxml",E:\PedNotate\data\cache\PN-20261006-003\exports\Beethoven\Piano_Sonatas\21-3\xml_score.mid,42952,0,1.9205557999994198,True,False,,E:\PedNotate\coordination\evidence\PN-20261006-003\logs\Beethoven__Piano_Sonatas__21-3__xml_score_musicxml.stdout.txt,E:\PedNotate\coordination\evidence\PN-20261006-003\logs\Beethoven__Piano_Sonatas__21-3__xml_score_musicxml.stderr.txt,,480,13475,0,,0,0,0,0,0,,,,,0.0,0.0,0.0,0.0
E:\PedNotate\data\asap-dataset\Beethoven\Piano_Sonatas\24-2\xml_score.musicxml,Beethoven/Piano_Sonatas/24-2/xml_score.musicxml,Beethoven,3.1,2,0,2,True,82f1e361174e7336caa550d495feb5c87ef4c7c4fe17cf8478131b1de5a94028,pedal,"""D:\MuseScore 4\bin\MuseScore4.exe"" -o E:\PedNotate\data\cache\PN-20261006-003\exports\Beethoven\Piano_Sonatas\24-2\xml_score.mid E:\PedNotate\data\asap-dataset\Beethoven\Piano_Sonatas\24-2\xml_score.musicxml",E:\PedNotate\data\cache\PN-20261006-003\exports\Beethoven\Piano_Sonatas\24-2\xml_score.mid,11880,0,1.2632612999996127,True,False,,E:\PedNotate\coordination\evidence\PN-20261006-003\logs\Beethoven__Piano_Sonatas__24-2__xml_score_musicxml.stdout.txt,E:\PedNotate\coordination\evidence\PN-20261006-003\logs\Beethoven__Piano_Sonatas__24-2__xml_score_musicxml.stderr.txt,,480,3657,0,,0,0,0,0,0,,,,,0.0,0.0,0.0,0.0
E:\PedNotate\data\asap-dataset\Beethoven\Piano_Sonatas\26-2\xml_score.musicxml,Beethoven/Piano_Sonatas/26-2/xml_score.musicxml,Beethoven,3.1,3,1,2,True,add4800ed2e63a8b9193ab8f3cf9a69d4d16c05f48cb6d920ddea1f03089fb54,pedal,"""D:\MuseScore 4\bin\MuseScore4.exe"" -o E:\PedNotate\data\cache\PN-20261006-003\exports\Beethoven\Piano_Sonatas\26-2\xml_score.mid E:\PedNotate\data\asap-dataset\Beethoven\Piano_Sonatas\26-2\xml_score.musicxml",E:\PedNotate\data\cache\PN-20261006-003\exports\Beethoven\Piano_Sonatas\26-2\xml_score.mid,5431,0,1.0411590000003343,True,False,,E:\PedNotate\coordination\evidence\PN-20261006-003\logs\Beethoven__Piano_Sonatas__26-2__xml_score_musicxml.stdout.txt,E:\PedNotate\coordination\evidence\PN-20261006-003\logs\Beethoven__Piano_Sonatas__26-2__xml_score_musicxml.stderr.txt,,480,1725,2,0.0,1,1,1,1,0,1.0,1.0,1.0,1.0,0.3333333333333333,0.3333333333333333,0.3333333333333333,0.3333333333333333
E:\PedNotate\data\asap-dataset\Beethoven\Piano_Sonatas\28-1\xml_score.musicxml,Beethoven/Piano_Sonatas/28-1/xml_score.musicxml,Beethoven,3.1,2,0,2,True,dbd3a62d9490d257398ac45d4a0b92ba6312b6dc2f15c99b51dc9905ca9fde34,pedal,"""D:\MuseScore 4\bin\MuseScore4.exe"" -o E:\PedNotate\data\cache\PN-20261006-003\exports\Beethoven\Piano_Sonatas\28-1\xml_score.mid E:\PedNotate\data\asap-dataset\Beethoven\Piano_Sonatas\28-1\xml_score.musicxml",E:\PedNotate\data\cache\PN-20261006-003\exports\Beethoven\Piano_Sonatas\28-1\xml_score.mid,8712,0,1.0752783000007184,True,False,,E:\PedNotate\coordination\evidence\PN-20261006-003\logs\Beethoven__Piano_Sonatas__28-1__xml_score_musicxml.stdout.txt,E:\PedNotate\coordination\evidence\PN-20261006-003\logs\Beethoven__Piano_Sonatas__28-1__xml_score_musicxml.stderr.txt,,480,2628,0,,0,0,0,0,0,,,,,0.0,0.0,0.0,0.0
E:\PedNotate\data\asap-dataset\Beethoven\Piano_Sonatas\29-2\xml_score.musicxml,Beethoven/Piano_Sonatas/29-2/xml_score.musicxml,Beethoven,3.1,4,2,2,True,8f7048c2a7a25352dec3eaee78b8dd805aa0fec6724d0a4481df3a95ae59282c,pedal,"""D:\MuseScore 4\bin\MuseScore4.exe"" -o E:\PedNotate\data\cache\PN-20261006-003\exports\Beethoven\Piano_Sonatas\29-2\xml_score.mid E:\PedNotate\data\asap-dataset\Beethoven\Piano_Sonatas\29-2\xml_score.musicxml",E:\PedNotate\data\cache\PN-20261006-003\exports\Beethoven\Piano_Sonatas\29-2\xml_score.mid,12780,0,1.2796089000003121,True,False,,E:\PedNotate\coordination\evidence\PN-20261006-003\logs\Beethoven__Piano_Sonatas__29-2__xml_score_musicxml.stdout.txt,E:\PedNotate\coordination\evidence\PN-20261006-003\logs\Beethoven__Piano_Sonatas__29-2__xml_score_musicxml.stderr.txt,,480,3743,4,0.0,3,2,2,2,0,1.5,1.0,1.0,1.0,0.75,0.5,0.5,0.5
E:\PedNotate\data\asap-dataset\Beethoven\Piano_Sonatas\29-3\xml_score.musicxml,Beethoven/Piano_Sonatas/29-3/xml_score.musicxml,Beethoven,3.1,6,1,5,True,621dc7139ae1b485f88b930b6be31adbcd191b43684b30a65152a63b6e520cd9,pedal,"""D:\MuseScore 4\bin\MuseScore4.exe"" -o E:\PedNotate\data\cache\PN-20261006-003\exports\Beethoven\Piano_Sonatas\29-3\xml_score.mid E:\PedNotate\data\asap-dataset\Beethoven\Piano_Sonatas\29-3\xml_score.musicxml",E:\PedNotate\data\cache\PN-20261006-003\exports\Beethoven\Piano_Sonatas\29-3\xml_score.mid,32730,0,1.6783391000008123,True,False,,E:\PedNotate\coordination\evidence\PN-20261006-003\logs\Beethoven__Piano_Sonatas__29-3__xml_score_musicxml.stdout.txt,E:\PedNotate\coordination\evidence\PN-20261006-003\logs\Beethoven__Piano_Sonatas__29-3__xml_score_musicxml.stderr.txt,,480,10481,2,0.0,1,1,1,1,0,1.0,1.0,1.0,1.0,0.16666666666666666,0.16666666666666666,0.16666666666666666,0.16666666666666666
E:\PedNotate\data\asap-dataset\Beethoven\Piano_Sonatas\29-4\xml_score.musicxml,Beethoven/Piano_Sonatas/29-4/xml_score.musicxml,Beethoven,3.1,22,10,12,True,4ade591a5d55dde648b9e9cdaccff0762bb463b55799c599fc6b375de096acdd,pedal,"""D:\MuseScore 4\bin\MuseScore4.exe"" -o E:\PedNotate\data\cache\PN-20261006-003\exports\Beethoven\Piano_Sonatas\29-4\xml_score.mid E:\PedNotate\data\asap-dataset\Beethoven\Piano_Sonatas\29-4\xml_score.musicxml",E:\PedNotate\data\cache\PN-20261006-003\exports\Beethoven\Piano_Sonatas\29-4\xml_score.mid,58645,0,2.136615200000051,True,False,,E:\PedNotate\coordination\evidence\PN-20261006-003\logs\Beethoven__Piano_Sonatas__29-4__xml_score_musicxml.stdout.txt,E:\PedNotate\coordination\evidence\PN-20261006-003\logs\Beethoven__Piano_Sonatas__29-4__xml_score_musicxml.stderr.txt,,480,18832,14,0.0,9,5,5,5,0,0.9,0.5,0.5,0.5,0.4090909090909091,0.22727272727272727,0.22727272727272727,0.22727272727272727
E:\PedNotate\data\asap-dataset\Beethoven\Piano_Sonatas\30-1\xml_score.musicxml,Beethoven/Piano_Sonatas/30-1/xml_score.musicxml,Beethoven,3.1,12,6,6,True,4c2d72c362187b826a9c842bb48d3145561f9df89587ce826d034405eb91275d,pedal,"""D:\MuseScore 4\bin\MuseScore4.exe"" -o E:\PedNotate\data\cache\PN-20261006-003\exports\Beethoven\Piano_Sonatas\30-1\xml_score.mid E:\PedNotate\data\asap-dataset\Beethoven\Piano_Sonatas\30-1\xml_score.musicxml",E:\PedNotate\data\cache\PN-20261006-003\exports\Beethoven\Piano_Sonatas\30-1\xml_score.mid,10509,0,1.2590749999999389,True,False,,E:\PedNotate\coordination\evidence\PN-20261006-003\logs\Beethoven__Piano_Sonatas__30-1__xml_score_musicxml.stdout.txt,E:\PedNotate\coordination\evidence\PN-20261006-003\logs\Beethoven__Piano_Sonatas__30-1__xml_score_musicxml.stderr.txt,,480,3305,12,0.0,11,6,4,6,0,1.8333333333333333,1.0,0.6666666666666666,1.0,0.9166666666666666,0.5,0.3333333333333333,0.5
E:\PedNotate\data\asap-dataset\Beethoven\Piano_Sonatas\31-2\xml_score.musicxml,Beethoven/Piano_Sonatas/31-2/xml_score.musicxml,Beethoven,3.1,9,2,7,True,62d423a44d5af4cd229b6e9529227eafa89eb4eec38e13b341fafa978f5b4f60,pedal,"""D:\MuseScore 4\bin\MuseScore4.exe"" -f -o E:\PedNotate\data\cache\PN-20261006-003\exports\Beethoven\Piano_Sonatas\31-2\xml_score.mid E:\PedNotate\data\asap-dataset\Beethoven\Piano_Sonatas\31-2\xml_score.musicxml",E:\PedNotate\data\cache\PN-20261006-003\exports\Beethoven\Piano_Sonatas\31-2\xml_score.mid,9475,0,1.020723700000417,True,False,,E:\PedNotate\coordination\evidence\PN-20261006-003\logs\Beethoven__Piano_Sonatas__31-2__xml_score_musicxml.stdout.txt,E:\PedNotate\coordination\evidence\PN-20261006-003\logs\Beethoven__Piano_Sonatas__31-2__xml_score_musicxml.stderr.txt,,480,2745,4,0.0,3,2,2,2,0,1.5,1.0,1.0,1.0,0.3333333333333333,0.2222222222222222,0.2222222222222222,0.2222222222222222
E:\PedNotate\data\asap-dataset\Beethoven\Piano_Sonatas\31-2_no_repeat\xml_score.musicxml,Beethoven/Piano_Sonatas/31-2_no_repeat/xml_score.musicxml,Beethoven,3.1,9,2,7,True,7ff352d4839c7514ad50b1dfcf40d68f4f72410ecb7dad54374a5ba6648e6a05,pedal,"""D:\MuseScore 4\bin\MuseScore4.exe"" -f -o E:\PedNotate\data\cache\PN-20261006-003\exports\Beethoven\Piano_Sonatas\31-2_no_repeat\xml_score.mid E:\PedNotate\data\asap-dataset\Beethoven\Piano_Sonatas\31-2_no_repeat\xml_score.musicxml",E:\PedNotate\data\cache\PN-20261006-003\exports\Beethoven\Piano_Sonatas\31-2_no_repeat\xml_score.mid,8196,0,0.9907757000000856,True,False,,E:\PedNotate\coordination\evidence\PN-20261006-003\logs\Beethoven__Piano_Sonatas__31-2_no_repeat__xml_score_musicxml.stdout.txt,E:\PedNotate\coordination\evidence\PN-20261006-003\logs\Beethoven__Piano_Sonatas__31-2_no_repeat__xml_score_musicxml.stderr.txt,,480,2365,4,0.0,3,2,2,2,0,1.5,1.0,1.0,1.0,0.3333333333333333,0.2222222222222222,0.2222222222222222,0.2222222222222222
E:\PedNotate\data\asap-dataset\Beethoven\Piano_Sonatas\31-3_4\xml_score.musicxml,Beethoven/Piano_Sonatas/31-3_4/xml_score.musicxml,Beethoven,3.1,5,2,3,True,193999d719eae289f22c51f736700a2526fb7b7bc7ed354da0026b96332ef1d7,pedal,"""D:\MuseScore 4\bin\MuseScore4.exe"" -o E:\PedNotate\data\cache\PN-20261006-003\exports\Beethoven\Piano_Sonatas\31-3_4\xml_score.mid E:\PedNotate\data\asap-dataset\Beethoven\Piano_Sonatas\31-3_4\xml_score.musicxml",E:\PedNotate\data\cache\PN-20261006-003\exports\Beethoven\Piano_Sonatas\31-3_4\xml_score.mid,24834,0,1.4165868999998565,True,False,,E:\PedNotate\coordination\evidence\PN-20261006-003\logs\Beethoven__Piano_Sonatas__31-3_4__xml_score_musicxml.stdout.txt,E:\PedNotate\coordination\evidence\PN-20261006-003\logs\Beethoven__Piano_Sonatas__31-3_4__xml_score_musicxml.stderr.txt,,480,7725,4,0.0,3,2,2,2,0,1.5,1.0,1.0,1.0,0.6,0.4,0.4,0.4
E:\PedNotate\data\asap-dataset\Beethoven\Piano_Sonatas\32-1\xml_score.musicxml,Beethoven/Piano_Sonatas/32-1/xml_score.musicxml,Beethoven,3.1,7,3,4,True,2e908b0954e2d0db9e6a98a69fb08a75328c74659c06e6a9239c586eb3c939e5,pedal,"""D:\MuseScore 4\bin\MuseScore4.exe"" -o E:\PedNotate\data\cache\PN-20261006-003\exports\Beethoven\Piano_Sonatas\32-1\xml_score.mid E:\PedNotate\data\asap-dataset\Beethoven\Piano_Sonatas\32-1\xml_score.musicxml",E:\PedNotate\data\cache\PN-20261006-003\exports\Beethoven\Piano_Sonatas\32-1\xml_score.mid,34792,0,1.570828600000823,True,False,,E:\PedNotate\coordination\evidence\PN-20261006-003\logs\Beethoven__Piano_Sonatas__32-1__xml_score_musicxml.stdout.txt,E:\PedNotate\coordination\evidence\PN-20261006-003\logs\Beethoven__Piano_Sonatas__32-1__xml_score_musicxml.stderr.txt,,480,11032,6,0.0,5,3,3,3,0,1.6666666666666667,1.0,1.0,1.0,0.7142857142857143,0.42857142857142855,0.42857142857142855,0.42857142857142855
E:\PedNotate\data\asap-dataset\Beethoven\Piano_Sonatas\32-1_no_repeat\xml_score.musicxml,Beethoven/Piano_Sonatas/32-1_no_repeat/xml_score.musicxml,Beethoven,3.1,7,3,4,True,79d4b6200e2a389686d66a9b377ef98fce6019bc30be6d6b8f4d8a8f387489c7,pedal,"""D:\MuseScore 4\bin\MuseScore4.exe"" -o E:\PedNotate\data\cache\PN-20261006-003\exports\Beethoven\Piano_Sonatas\32-1_no_repeat\xml_score.mid E:\PedNotate\data\asap-dataset\Beethoven\Piano_Sonatas\32-1_no_repeat\xml_score.musicxml",E:\PedNotate\data\cache\PN-20261006-003\exports\Beethoven\Piano_Sonatas\32-1_no_repeat\xml_score.mid,26116,0,1.587342400000125,True,False,,E:\PedNotate\coordination\evidence\PN-20261006-003\logs\Beethoven__Piano_Sonatas__32-1_no_repeat__xml_score_musicxml.stdout.txt,E:\PedNotate\coordination\evidence\PN-20261006-003\logs\Beethoven__Piano_Sonatas__32-1_no_repeat__xml_score_musicxml.stderr.txt,,480,8267,6,0.0,5,3,3,3,0,1.6666666666666667,1.0,1.0,1.0,0.7142857142857143,0.42857142857142855,0.42857142857142855,0.42857142857142855
E:\PedNotate\data\asap-dataset\Brahms\Six_Pieces_op_118\2\xml_score.musicxml,Brahms/Six_Pieces_op_118/2/xml_score.musicxml,Brahms,3.1,2,1,1,True,37b60b1b01ad353fe733ffc98ceaa37167c9e6a36e817cc9da2a1cf03ad05224,pedal,"""D:\MuseScore 4\bin\MuseScore4.exe"" -o E:\PedNotate\data\cache\PN-20261006-003\exports\Brahms\Six_Pieces_op_118\2\xml_score.mid E:\PedNotate\data\asap-dataset\Brahms\Six_Pieces_op_118\2\xml_score.musicxml",E:\PedNotate\data\cache\PN-20261006-003\exports\Brahms\Six_Pieces_op_118\2\xml_score.mid,12149,0,1.355461699999978,True,False,,E:\PedNotate\coordination\evidence\PN-20261006-003\logs\Brahms__Six_Pieces_op_118__2__xml_score_musicxml.stdout.txt,E:\PedNotate\coordination\evidence\PN-20261006-003\logs\Brahms__Six_Pieces_op_118__2__xml_score_musicxml.stderr.txt,,480,3573,2,0.0,1,1,1,1,0,1.0,1.0,1.0,1.0,0.5,0.5,0.5,0.5
E:\PedNotate\data\asap-dataset\Chopin\Ballades\1\xml_score.musicxml,Chopin/Ballades/1/xml_score.musicxml,Chopin,1.1,465,242,223,True,996fb7d6190121c46ebd5936329229c39c9c1319549c388cc0f7d11734f61894,pedal,"""D:\MuseScore 4\bin\MuseScore4.exe"" -f -o E:\PedNotate\data\cache\PN-20261006-003\exports\Chopin\Ballades\1\xml_score.mid E:\PedNotate\data\asap-dataset\Chopin\Ballades\1\xml_score.musicxml",E:\PedNotate\data\cache\PN-20261006-003\exports\Chopin\Ballades\1\xml_score.mid,37438,0,1.6869748999997682,True,False,,E:\PedNotate\coordination\evidence\PN-20261006-003\logs\Chopin__Ballades__1__xml_score_musicxml.stdout.txt,E:\PedNotate\coordination\evidence\PN-20261006-003\logs\Chopin__Ballades__1__xml_score_musicxml.stderr.txt,,480,10825,432,0.0,389,195,195,195,0,1.6074380165289257,0.8057851239669421,0.8057851239669421,0.8057851239669421,0.8365591397849462,0.41935483870967744,0.41935483870967744,0.41935483870967744
E:\PedNotate\data\asap-dataset\Chopin\Ballades\3\xml_score.musicxml,Chopin/Ballades/3/xml_score.musicxml,Chopin,3.1,480,240,240,True,984163bc6613befc7fe57c94ac147d42a855d2bb3b4019ab36b3d0b21a992e2e,pedal,"""D:\MuseScore 4\bin\MuseScore4.exe"" -o E:\PedNotate\data\cache\PN-20261006-003\exports\Chopin\Ballades\3\xml_score.mid E:\PedNotate\data\asap-dataset\Chopin\Ballades\3\xml_score.musicxml",E:\PedNotate\data\cache\PN-20261006-003\exports\Chopin\Ballades\3\xml_score.mid,31037,0,1.7435107999999673,True,False,,E:\PedNotate\coordination\evidence\PN-20261006-003\logs\Chopin__Ballades__3__xml_score_musicxml.stdout.txt,E:\PedNotate\coordination\evidence\PN-20261006-003\logs\Chopin__Ballades__3__xml_score_musicxml.stderr.txt,,480,9521,478,0.0,476,239,127,239,0,1.9833333333333334,0.9958333333333333,0.5291666666666667,0.9958333333333333,0.9916666666666667,0.4979166666666667,0.26458333333333334,0.4979166666666667
E:\PedNotate\data\asap-dataset\Chopin\Barcarolle\xml_score.musicxml,Chopin/Barcarolle/xml_score.musicxml,Chopin,3.1,455,246,209,True,4b708ab305f2794e68dafb18828793d8b28c16485879665be0f7c1cfd03c39df,pedal,"""D:\MuseScore 4\bin\MuseScore4.exe"" -f -o E:\PedNotate\data\cache\PN-20261006-003\exports\Chopin\Barcarolle\xml_score.mid E:\PedNotate\data\asap-dataset\Chopin\Barcarolle\xml_score.musicxml",E:\PedNotate\data\cache\PN-20261006-003\exports\Chopin\Barcarolle\xml_score.mid,31199,0,1.462535900000148,True,False,,E:\PedNotate\coordination\evidence\PN-20261006-003\logs\Chopin__Barcarolle__xml_score_musicxml.stdout.txt,E:\PedNotate\coordination\evidence\PN-20261006-003\logs\Chopin__Barcarolle__xml_score_musicxml.stderr.txt,,480,9412,388,0.0,347,174,174,174,0,1.410569105691057,0.7073170731707317,0.7073170731707317,0.7073170731707317,0.7626373626373626,0.3824175824175824,0.3824175824175824,0.3824175824175824
E:\PedNotate\data\asap-dataset\Chopin\Etudes_op_10\1\xml_score.musicxml,Chopin/Etudes_op_10/1/xml_score.musicxml,Chopin,3.1,5,1,4,True,d21d5a653b2dd6a4e957160f01c29d5eae93a8c1ac150b3bb19b878547b3163a,pedal,"""D:\MuseScore 4\bin\MuseScore4.exe"" -o E:\PedNotate\data\cache\PN-20261006-003\exports\Chopin\Etudes_op_10\1\xml_score.mid E:\PedNotate\data\asap-dataset\Chopin\Etudes_op_10\1\xml_score.musicxml",E:\PedNotate\data\cache\PN-20261006-003\exports\Chopin\Etudes_op_10\1\xml_score.mid,8279,0,1.1460596999995687,True,False,,E:\PedNotate\coordination\evidence\PN-20261006-003\logs\Chopin__Etudes_op_10__1__xml_score_musicxml.stdout.txt,E:\PedNotate\coordination\evidence\PN-20261006-003\logs\Chopin__Etudes_op_10__1__xml_score_musicxml.stderr.txt,,480,2700,2,0.0,1,1,1,1,0,1.0,1.0,1.0,1.0,0.2,0.2,0.2,0.2
E:\PedNotate\data\asap-dataset\Chopin\Etudes_op_10\10\xml_score.musicxml,Chopin/Etudes_op_10/10/xml_score.musicxml,Chopin,3.1,286,143,143,True,dac0d1ff5b1e10e067f4e919de8d0ababb8222fcab1525ec0848cc5ecfef9587,pedal,"""D:\MuseScore 4\bin\MuseScore4.exe"" -o E:\PedNotate\data\cache\PN-20261006-003\exports\Chopin\Etudes_op_10\10\xml_score.mid E:\PedNotate\data\asap-dataset\Chopin\Etudes_op_10\10\xml_score.musicxml",E:\PedNotate\data\cache\PN-20261006-003\exports\Chopin\Etudes_op_10\10\xml_score.mid,16653,0,1.3250993999999992,True,False,,E:\PedNotate\coordination\evidence\PN-20261006-003\logs\Chopin__Etudes_op_10__10__xml_score_musicxml.stdout.txt,E:\PedNotate\coordination\evidence\PN-20261006-003\logs\Chopin__Etudes_op_10__10__xml_score_musicxml.stderr.txt,,480,4856,286,0.0,285,143,7,143,0,1.993006993006993,1.0,0.04895104895104895,1.0,0.9965034965034965,0.5,0.024475524475524476,0.5
E:\PedNotate\data\asap-dataset\Chopin\Etudes_op_10\5\xml_score.musicxml,Chopin/Etudes_op_10/5/xml_score.musicxml,Chopin,3.1,13,2,11,True,23e4eff8c9406987ed8ef38c40f6bac77fee52235b2c4d0b2717c7ba173dc116,pedal,"""D:\MuseScore 4\bin\MuseScore4.exe"" -o E:\PedNotate\data\cache\PN-20261006-003\exports\Chopin\Etudes_op_10\5\xml_score.mid E:\PedNotate\data\asap-dataset\Chopin\Etudes_op_10\5\xml_score.musicxml",E:\PedNotate\data\cache\PN-20261006-003\exports\Chopin\Etudes_op_10\5\xml_score.mid,10114,0,1.2626640999997107,True,False,,E:\PedNotate\coordination\evidence\PN-20261006-003\logs\Chopin__Etudes_op_10__5__xml_score_musicxml.stdout.txt,E:\PedNotate\coordination\evidence\PN-20261006-003\logs\Chopin__Etudes_op_10__5__xml_score_musicxml.stderr.txt,,480,3287,4,0.0,3,2,1,2,0,1.5,1.0,0.5,1.0,0.23076923076923078,0.15384615384615385,0.07692307692307693,0.15384615384615385
E:\PedNotate\data\asap-dataset\Chopin\Etudes_op_10\7\xml_score.musicxml,Chopin/Etudes_op_10/7/xml_score.musicxml,Chopin,3.1,18,9,9,True,d947d2fe565ff8419139cfb762059f55d1300437b2df22280521b7b91505ca42,pedal,"""D:\MuseScore 4\bin\MuseScore4.exe"" -o E:\PedNotate\data\cache\PN-20261006-003\exports\Chopin\Etudes_op_10\7\xml_score.mid E:\PedNotate\data\asap-dataset\Chopin\Etudes_op_10\7\xml_score.musicxml",E:\PedNotate\data\cache\PN-20261006-003\exports\Chopin\Etudes_op_10\7\xml_score.mid,11264,0,1.2887167999997473,True,False,,E:\PedNotate\coordination\evidence\PN-20261006-003\logs\Chopin__Etudes_op_10__7__xml_score_musicxml.stdout.txt,E:\PedNotate\coordination\evidence\PN-20261006-003\logs\Chopin__Etudes_op_10__7__xml_score_musicxml.stderr.txt,,480,3632,18,0.0,17,9,4,9,0,1.8888888888888888,1.0,0.4444444444444444,1.0,0.9444444444444444,0.5,0.2222222222222222,0.5
E:\PedNotate\data\asap-dataset\Chopin\Etudes_op_10\8\xml_score.musicxml,Chopin/Etudes_op_10/8/xml_score.musicxml,Chopin,3.1,72,37,35,True,582fb27dc5ed534fc51347e1adb080922ebc3daeeb30d9ea081992a87cb938dc,pedal,"""D:\MuseScore 4\bin\MuseScore4.exe"" -o E:\PedNotate\data\cache\PN-20261006-003\exports\Chopin\Etudes_op_10\8\xml_score.mid E:\PedNotate\data\asap-dataset\Chopin\Etudes_op_10\8\xml_score.musicxml",E:\PedNotate\data\cache\PN-20261006-003\exports\Chopin\Etudes_op_10\8\xml_score.mid,14551,0,1.3850658000001204,True,False,,E:\PedNotate\coordination\evidence\PN-20261006-003\logs\Chopin__Etudes_op_10__8__xml_score_musicxml.stdout.txt,E:\PedNotate\coordination\evidence\PN-20261006-003\logs\Chopin__Etudes_op_10__8__xml_score_musicxml.stderr.txt,,480,4690,68,0.0,50,26,25,26,0,1.3513513513513513,0.7027027027027027,0.6756756756756757,0.7027027027027027,0.6944444444444444,0.3611111111111111,0.3472222222222222,0.3611111111111111
E:\PedNotate\data\asap-dataset\Chopin\Etudes_op_25\1\xml_score.musicxml,Chopin/Etudes_op_25/1/xml_score.musicxml,Chopin,3.1,182,96,86,True,f4447ec0be3b920a3d11c005d400ffcb8884090eb6211704bf5d7dfaa268e009,pedal,"""D:\MuseScore 4\bin\MuseScore4.exe"" -f -o E:\PedNotate\data\cache\PN-20261006-003\exports\Chopin\Etudes_op_25\1\xml_score.mid E:\PedNotate\data\asap-dataset\Chopin\Etudes_op_25\1\xml_score.musicxml",E:\PedNotate\data\cache\PN-20261006-003\exports\Chopin\Etudes_op_25\1\xml_score.mid,2938,0,1.1084572999998272,True,False,,E:\PedNotate\coordination\evidence\PN-20261006-003\logs\Chopin__Etudes_op_25__1__xml_score_musicxml.stdout.txt,E:\PedNotate\coordination\evidence\PN-20261006-003\logs\Chopin__Etudes_op_25__1__xml_score_musicxml.stderr.txt,,480,753,152,0.0,141,71,71,71,0,1.46875,0.7395833333333334,0.7395833333333334,0.7395833333333334,0.7747252747252747,0.3901098901098901,0.3901098901098901,0.3901098901098901
E:\PedNotate\data\asap-dataset\Chopin\Etudes_op_25\12\xml_score.musicxml,Chopin/Etudes_op_25/12/xml_score.musicxml,Chopin,3.1,1,0,1,True,cc7d004da86eff9e7994308961619941d14f417a0d6418fba11bdb6507b88fc7,pedal,"""D:\MuseScore 4\bin\MuseScore4.exe"" -o E:\PedNotate\data\cache\PN-20261006-003\exports\Chopin\Etudes_op_25\12\xml_score.mid E:\PedNotate\data\asap-dataset\Chopin\Etudes_op_25\12\xml_score.musicxml",E:\PedNotate\data\cache\PN-20261006-003\exports\Chopin\Etudes_op_25\12\xml_score.mid,16313,0,1.4692859000006138,True,False,,E:\PedNotate\coordination\evidence\PN-20261006-003\logs\Chopin__Etudes_op_25__12__xml_score_musicxml.stdout.txt,E:\PedNotate\coordination\evidence\PN-20261006-003\logs\Chopin__Etudes_op_25__12__xml_score_musicxml.stderr.txt,,480,5401,0,,0,0,0,0,0,,,,,0.0,0.0,0.0,0.0
E:\PedNotate\data\asap-dataset\Chopin\Etudes_op_25\5\xml_score.musicxml,Chopin/Etudes_op_25/5/xml_score.musicxml,Chopin,3.1,119,61,58,True,bf455500bfc1df74c0b403b51cdc50916cd20b3bc658c618740cd5dd7a177c1d,pedal,"""D:\MuseScore 4\bin\MuseScore4.exe"" -o E:\PedNotate\data\cache\PN-20261006-003\exports\Chopin\Etudes_op_25\5\xml_score.mid E:\PedNotate\data\asap-dataset\Chopin\Etudes_op_25\5\xml_score.musicxml",E:\PedNotate\data\cache\PN-20261006-003\exports\Chopin\Etudes_op_25\5\xml_score.mid,14403,0,1.5465418999992835,True,False,,E:\PedNotate\coordination\evidence\PN-20261006-003\logs\Chopin__Etudes_op_25__5__xml_score_musicxml.stdout.txt,E:\PedNotate\coordination\evidence\PN-20261006-003\logs\Chopin__Etudes_op_25__5__xml_score_musicxml.stderr.txt,,480,4325,116,0.0,108,55,55,55,0,1.7704918032786885,0.9016393442622951,0.9016393442622951,0.9016393442622951,0.907563025210084,0.46218487394957986,0.46218487394957986,0.46218487394957986
E:\PedNotate\data\asap-dataset\Chopin\Etudes_op_25\8\xml_score.musicxml,Chopin/Etudes_op_25/8/xml_score.musicxml,Chopin,3.1,96,48,48,True,392006db007a6d22b0f4620efd7a756f66a0472105fa2fec48cd12bdc8ccd0a5,pedal,"""D:\MuseScore 4\bin\MuseScore4.exe"" -o E:\PedNotate\data\cache\PN-20261006-003\exports\Chopin\Etudes_op_25\8\xml_score.mid E:\PedNotate\data\asap-dataset\Chopin\Etudes_op_25\8\xml_score.musicxml",E:\PedNotate\data\cache\PN-20261006-003\exports\Chopin\Etudes_op_25\8\xml_score.mid,10590,0,1.2724074999996446,True,False,,E:\PedNotate\coordination\evidence\PN-20261006-003\logs\Chopin__Etudes_op_25__8__xml_score_musicxml.stdout.txt,E:\PedNotate\coordination\evidence\PN-20261006-003\logs\Chopin__Etudes_op_25__8__xml_score_musicxml.stderr.txt,,480,3213,96,0.0,95,48,5,48,0,1.9791666666666667,1.0,0.10416666666666667,1.0,0.9895833333333334,0.5,0.052083333333333336,0.5
E:\PedNotate\data\asap-dataset\Chopin\Scherzos\20\xml_score.musicxml,Chopin/Scherzos/20/xml_score.musicxml,Chopin,3.1,420,210,210,True,5cc21eac67c766eb526469b863b9df241a0c340688fc88825215b4a6aebcf51c,pedal,"""D:\MuseScore 4\bin\MuseScore4.exe"" -o E:\PedNotate\data\cache\PN-20261006-003\exports\Chopin\Scherzos\20\xml_score.mid E:\PedNotate\data\asap-dataset\Chopin\Scherzos\20\xml_score.musicxml",E:\PedNotate\data\cache\PN-20261006-003\exports\Chopin\Scherzos\20\xml_score.mid,35210,0,2.202058200000465,True,False,,E:\PedNotate\coordination\evidence\PN-20261006-003\logs\Chopin__Scherzos__20__xml_score_musicxml.stdout.txt,E:\PedNotate\coordination\evidence\PN-20261006-003\logs\Chopin__Scherzos__20__xml_score_musicxml.stderr.txt,,480,10058,420,0.0,419,210,31,210,0,1.9952380952380953,1.0,0.14761904761904762,1.0,0.9976190476190476,0.5,0.07380952380952381,0.5
E:\PedNotate\data\asap-dataset\Chopin\Scherzos\31\xml_score.musicxml,Chopin/Scherzos/31/xml_score.musicxml,Chopin,3.1,479,250,229,True,418157fd7d47ba31a9bde97129424e11287fd4714363be5b4d2a63c77e5d1376,pedal,"""D:\MuseScore 4\bin\MuseScore4.exe"" -o E:\PedNotate\data\cache\PN-20261006-003\exports\Chopin\Scherzos\31\xml_score.mid E:\PedNotate\data\asap-dataset\Chopin\Scherzos\31\xml_score.musicxml",E:\PedNotate\data\cache\PN-20261006-003\exports\Chopin\Scherzos\31\xml_score.mid,43431,0,2.351799499999288,True,False,,E:\PedNotate\coordination\evidence\PN-20261006-003\logs\Chopin__Scherzos__31__xml_score_musicxml.stdout.txt,E:\PedNotate\coordination\evidence\PN-20261006-003\logs\Chopin__Scherzos__31__xml_score_musicxml.stderr.txt,,480,12488,456,0.0,455,228,228,228,0,1.82,0.912,0.912,0.912,0.9498956158663883,0.4759916492693111,0.4759916492693111,0.4759916492693111
E:\PedNotate\data\asap-dataset\Chopin\Scherzos\39\xml_score.musicxml,Chopin/Scherzos/39/xml_score.musicxml,Chopin,3.1,236,118,118,True,2fc29c505d04efd830072745326f586a987d8a1199640100636fc77dc353c2fa,pedal,"""D:\MuseScore 4\bin\MuseScore4.exe"" -o E:\PedNotate\data\cache\PN-20261006-003\exports\Chopin\Scherzos\39\xml_score.mid E:\PedNotate\data\asap-dataset\Chopin\Scherzos\39\xml_score.musicxml",E:\PedNotate\data\cache\PN-20261006-003\exports\Chopin\Scherzos\39\xml_score.mid,36499,0,1.9933892999997624,True,False,,E:\PedNotate\coordination\evidence\PN-20261006-003\logs\Chopin__Scherzos__39__xml_score_musicxml.stdout.txt,E:\PedNotate\coordination\evidence\PN-20261006-003\logs\Chopin__Scherzos__39__xml_score_musicxml.stderr.txt,,480,10727,224,0.0,207,104,49,104,0,1.7542372881355932,0.8813559322033898,0.4152542372881356,0.8813559322033898,0.8771186440677966,0.4406779661016949,0.2076271186440678,0.4406779661016949
E:\PedNotate\data\asap-dataset\Chopin\Sonata_2\1st_no_repeat\xml_score.musicxml,Chopin/Sonata_2/1st_no_repeat/xml_score.musicxml,Chopin,1.1,1,0,1,True,1a6e8c0532645893f653a2c1a74a74b4c907a697ff4f894ef47c05770c2a07c6,pedal,"""D:\MuseScore 4\bin\MuseScore4.exe"" -o E:\PedNotate\data\cache\PN-20261006-003\exports\Chopin\Sonata_2\1st_no_repeat\xml_score.mid E:\PedNotate\data\asap-dataset\Chopin\Sonata_2\1st_no_repeat\xml_score.musicxml",E:\PedNotate\data\cache\PN-20261006-003\exports\Chopin\Sonata_2\1st_no_repeat\xml_score.mid,26526,0,1.3832826999996541,True,False,,E:\PedNotate\coordination\evidence\PN-20261006-003\logs\Chopin__Sonata_2__1st_no_repeat__xml_score_musicxml.stdout.txt,E:\PedNotate\coordination\evidence\PN-20261006-003\logs\Chopin__Sonata_2__1st_no_repeat__xml_score_musicxml.stderr.txt,,480,7973,0,,0,0,0,0,0,,,,,0.0,0.0,0.0,0.0
E:\PedNotate\data\asap-dataset\Chopin\Sonata_2\2nd\xml_score.musicxml,Chopin/Sonata_2/2nd/xml_score.musicxml,Chopin,3.1,1,0,1,True,427f060b99fc97542ab340a402ecb7d9ee8b1703281344d5d042d8a35870cd0c,pedal,"""D:\MuseScore 4\bin\MuseScore4.exe"" -f -o E:\PedNotate\data\cache\PN-20261006-003\exports\Chopin\Sonata_2\2nd\xml_score.mid E:\PedNotate\data\asap-dataset\Chopin\Sonata_2\2nd\xml_score.musicxml",E:\PedNotate\data\cache\PN-20261006-003\exports\Chopin\Sonata_2\2nd\xml_score.mid,30205,0,1.3447667000000365,True,False,,E:\PedNotate\coordination\evidence\PN-20261006-003\logs\Chopin__Sonata_2__2nd__xml_score_musicxml.stdout.txt,E:\PedNotate\coordination\evidence\PN-20261006-003\logs\Chopin__Sonata_2__2nd__xml_score_musicxml.stderr.txt,,480,9292,0,,0,0,0,0,0,,,,,0.0,0.0,0.0,0.0
E:\PedNotate\data\asap-dataset\Chopin\Sonata_2\2nd_no_repeat\xml_score.musicxml,Chopin/Sonata_2/2nd_no_repeat/xml_score.musicxml,Chopin,3.1,1,0,1,True,0055fa333bec578244e2574dcdce9371b2cb51d1646147d0ebaa366778e730f5,pedal,"""D:\MuseScore 4\bin\MuseScore4.exe"" -f -o E:\PedNotate\data\cache\PN-20261006-003\exports\Chopin\Sonata_2\2nd_no_repeat\xml_score.mid E:\PedNotate\data\asap-dataset\Chopin\Sonata_2\2nd_no_repeat\xml_score.musicxml",E:\PedNotate\data\cache\PN-20261006-003\exports\Chopin\Sonata_2\2nd_no_repeat\xml_score.mid,27300,0,1.2675774999997884,True,False,,E:\PedNotate\coordination\evidence\PN-20261006-003\logs\Chopin__Sonata_2__2nd_no_repeat__xml_score_musicxml.stdout.txt,E:\PedNotate\coordination\evidence\PN-20261006-003\logs\Chopin__Sonata_2__2nd_no_repeat__xml_score_musicxml.stderr.txt,,480,8437,0,,0,0,0,0,0,,,,,0.0,0.0,0.0,0.0
E:\PedNotate\data\asap-dataset\Chopin\Sonata_3\2nd\xml_score.musicxml,Chopin/Sonata_3/2nd/xml_score.musicxml,Chopin,3.1,42,0,42,True,2241f98931aa0fc629a1651356d7dde26dad5695e4dea5aa8dc054f43c8c5572,pedal,"""D:\MuseScore 4\bin\MuseScore4.exe"" -o E:\PedNotate\data\cache\PN-20261006-003\exports\Chopin\Sonata_3\2nd\xml_score.mid E:\PedNotate\data\asap-dataset\Chopin\Sonata_3\2nd\xml_score.musicxml",E:\PedNotate\data\cache\PN-20261006-003\exports\Chopin\Sonata_3\2nd\xml_score.mid,10224,0,1.422031699999934,True,False,,E:\PedNotate\coordination\evidence\PN-20261006-003\logs\Chopin__Sonata_3__2nd__xml_score_musicxml.stdout.txt,E:\PedNotate\coordination\evidence\PN-20261006-003\logs\Chopin__Sonata_3__2nd__xml_score_musicxml.stderr.txt,,480,2931,0,,0,0,0,0,0,,,,,0.0,0.0,0.0,0.0
E:\PedNotate\data\asap-dataset\Chopin\Sonata_3\3rd\xml_score.musicxml,Chopin/Sonata_3/3rd/xml_score.musicxml,Chopin,3.1,20,8,12,True,fa3ddd4c2d3620c66e77ed8ce5d62b9167076d62f07c72634aa079898f3eb59a,pedal,"""D:\MuseScore 4\bin\MuseScore4.exe"" -f -o E:\PedNotate\data\cache\PN-20261006-003\exports\Chopin\Sonata_3\3rd\xml_score.mid E:\PedNotate\data\asap-dataset\Chopin\Sonata_3\3rd\xml_score.musicxml",E:\PedNotate\data\cache\PN-20261006-003\exports\Chopin\Sonata_3\3rd\xml_score.mid,14305,0,1.1337029999995138,True,False,,E:\PedNotate\coordination\evidence\PN-20261006-003\logs\Chopin__Sonata_3__3rd__xml_score_musicxml.stdout.txt,E:\PedNotate\coordination\evidence\PN-20261006-003\logs\Chopin__Sonata_3__3rd__xml_score_musicxml.stderr.txt,,480,4244,12,0.0,9,5,4,5,0,1.125,0.625,0.5,0.625,0.45,0.25,0.2,0.25
E:\PedNotate\data\asap-dataset\Chopin\Sonata_3\4th\xml_score.musicxml,Chopin/Sonata_3/4th/xml_score.musicxml,Chopin,3.1,14,0,14,True,b13b511be8c2a6b824fc249d64db644ef7c41e72ff954e14223cf3f549a738ed,pedal,"""D:\MuseScore 4\bin\MuseScore4.exe"" -o E:\PedNotate\data\cache\PN-20261006-003\exports\Chopin\Sonata_3\4th\xml_score.mid E:\PedNotate\data\asap-dataset\Chopin\Sonata_3\4th\xml_score.musicxml",E:\PedNotate\data\cache\PN-20261006-003\exports\Chopin\Sonata_3\4th\xml_score.mid,31950,0,1.5036767999999938,True,False,,E:\PedNotate\coordination\evidence\PN-20261006-003\logs\Chopin__Sonata_3__4th__xml_score_musicxml.stdout.txt,E:\PedNotate\coordination\evidence\PN-20261006-003\logs\Chopin__Sonata_3__4th__xml_score_musicxml.stderr.txt,,480,9891,0,,0,0,0,0,0,,,,,0.0,0.0,0.0,0.0
E:\PedNotate\data\asap-dataset\Debussy\Images_Book_1\1_Reflets_dans_lEau\xml_score.musicxml,Debussy/Images_Book_1/1_Reflets_dans_lEau/xml_score.musicxml,Debussy,3.0,10,5,5,True,20e90f225ef5a85ed0f5800223a56708a10512a1904594293d8259850caf6423,pedal,"""D:\MuseScore 4\bin\MuseScore4.exe"" -o E:\PedNotate\data\cache\PN-20261006-003\exports\Debussy\Images_Book_1\1_Reflets_dans_lEau\xml_score.mid E:\PedNotate\data\asap-dataset\Debussy\Images_Book_1\1_Reflets_dans_lEau\xml_score.musicxml",E:\PedNotate\data\cache\PN-20261006-003\exports\Debussy\Images_Book_1\1_Reflets_dans_lEau\xml_score.mid,13108,0,1.222133500000382,True,False,,E:\PedNotate\coordination\evidence\PN-20261006-003\logs\Debussy__Images_Book_1__1_Reflets_dans_lEau__xml_score_musicxml.stdout.txt,E:\PedNotate\coordination\evidence\PN-20261006-003\logs\Debussy__Images_Book_1__1_Reflets_dans_lEau__xml_score_musicxml.stderr.txt,,480,4203,10,0.0,9,5,3,5,0,1.8,1.0,0.6,1.0,0.9,0.5,0.3,0.5
E:\PedNotate\data\asap-dataset\Liszt\Annees_de_pelerinage_2\1_Gondoliera\xml_score.musicxml,Liszt/Annees_de_pelerinage_2/1_Gondoliera/xml_score.musicxml,Liszt,3.1,60,30,30,True,ade93ce8f746fc1464beedbb6358783045170ef30b67d9eed7234bdfc987beb6,pedal,"""D:\MuseScore 4\bin\MuseScore4.exe"" -o E:\PedNotate\data\cache\PN-20261006-003\exports\Liszt\Annees_de_pelerinage_2\1_Gondoliera\xml_score.mid E:\PedNotate\data\asap-dataset\Liszt\Annees_de_pelerinage_2\1_Gondoliera\xml_score.musicxml",E:\PedNotate\data\cache\PN-20261006-003\exports\Liszt\Annees_de_pelerinage_2\1_Gondoliera\xml_score.mid,11745,0,1.3565872999997737,True,False,,E:\PedNotate\coordination\evidence\PN-20261006-003\logs\Liszt__Annees_de_pelerinage_2__1_Gondoliera__xml_score_musicxml.stdout.txt,E:\PedNotate\coordination\evidence\PN-20261006-003\logs\Liszt__Annees_de_pelerinage_2__1_Gondoliera__xml_score_musicxml.stderr.txt,,480,3617,60,0.0,59,30,5,30,0,1.9666666666666666,1.0,0.16666666666666666,1.0,0.9833333333333333,0.5,0.08333333333333333,0.5
E:\PedNotate\data\asap-dataset\Liszt\Ballade_2\xml_score.musicxml,Liszt/Ballade_2/xml_score.musicxml,Liszt,3.1,34,17,17,True,28465e3d9cc400837ab00ed891263ca6c0d0479577ccbaf5977d4d018146e898,pedal,"""D:\MuseScore 4\bin\MuseScore4.exe"" -o E:\PedNotate\data\cache\PN-20261006-003\exports\Liszt\Ballade_2\xml_score.mid E:\PedNotate\data\asap-dataset\Liszt\Ballade_2\xml_score.musicxml",E:\PedNotate\data\cache\PN-20261006-003\exports\Liszt\Ballade_2\xml_score.mid,47048,0,2.082806999999775,True,False,,E:\PedNotate\coordination\evidence\PN-20261006-003\logs\Liszt__Ballade_2__xml_score_musicxml.stdout.txt,E:\PedNotate\coordination\evidence\PN-20261006-003\logs\Liszt__Ballade_2__xml_score_musicxml.stderr.txt,,480,14620,34,0.0,33,17,4,17,0,1.9411764705882353,1.0,0.23529411764705882,1.0,0.9705882352941176,0.5,0.11764705882352941,0.5
E:\PedNotate\data\asap-dataset\Liszt\Concert_Etude_S145\1\xml_score.musicxml,Liszt/Concert_Etude_S145/1/xml_score.musicxml,Liszt,3.1,315,158,157,True,f6cccbd1ef789f97430fc9b81f25bc9b64dcfa91bf0b7f372892881e9d58ed2a,pedal,"""D:\MuseScore 4\bin\MuseScore4.exe"" -o E:\PedNotate\data\cache\PN-20261006-003\exports\Liszt\Concert_Etude_S145\1\xml_score.mid E:\PedNotate\data\asap-dataset\Liszt\Concert_Etude_S145\1\xml_score.musicxml",E:\PedNotate\data\cache\PN-20261006-003\exports\Liszt\Concert_Etude_S145\1\xml_score.mid,22678,0,1.517049600000064,True,False,,E:\PedNotate\coordination\evidence\PN-20261006-003\logs\Liszt__Concert_Etude_S145__1__xml_score_musicxml.stdout.txt,E:\PedNotate\coordination\evidence\PN-20261006-003\logs\Liszt__Concert_Etude_S145__1__xml_score_musicxml.stderr.txt,,480,7168,314,0.0,311,156,33,156,0,1.9683544303797469,0.9873417721518988,0.2088607594936709,0.9873417721518988,0.9873015873015873,0.49523809523809526,0.10476190476190476,0.49523809523809526
E:\PedNotate\data\asap-dataset\Liszt\Concert_Etude_S145\2\xml_score.musicxml,Liszt/Concert_Etude_S145/2/xml_score.musicxml,Liszt,3.1,420,210,210,True,39426be9ffb6be6d75d25c449ad94ab3bd0d1f537e4e3ceba5ee1275500bdfac,pedal,"""D:\MuseScore 4\bin\MuseScore4.exe"" -o E:\PedNotate\data\cache\PN-20261006-003\exports\Liszt\Concert_Etude_S145\2\xml_score.mid E:\PedNotate\data\asap-dataset\Liszt\Concert_Etude_S145\2\xml_score.musicxml",E:\PedNotate\data\cache\PN-20261006-003\exports\Liszt\Concert_Etude_S145\2\xml_score.mid,22791,0,1.5942638999995324,True,False,,E:\PedNotate\coordination\evidence\PN-20261006-003\logs\Liszt__Concert_Etude_S145__2__xml_score_musicxml.stdout.txt,E:\PedNotate\coordination\evidence\PN-20261006-003\logs\Liszt__Concert_Etude_S145__2__xml_score_musicxml.stderr.txt,,480,7043,420,0.0,419,210,34,210,0,1.9952380952380953,1.0,0.1619047619047619,1.0,0.9976190476190476,0.5,0.08095238095238096,0.5
E:\PedNotate\data\asap-dataset\Liszt\Gran_Etudes_de_Paganini\2_La_campanella\xml_score.musicxml,Liszt/Gran_Etudes_de_Paganini/2_La_campanella/xml_score.musicxml,Liszt,3.1,14,7,7,True,b71015c0c968e082f91239f4a9d24a83b5520380261ccb09814d9269fb34420c,pedal,"""D:\MuseScore 4\bin\MuseScore4.exe"" -f -o E:\PedNotate\data\cache\PN-20261006-003\exports\Liszt\Gran_Etudes_de_Paganini\2_La_campanella\xml_score.mid E:\PedNotate\data\asap-dataset\Liszt\Gran_Etudes_de_Paganini\2_La_campanella\xml_score.musicxml",E:\PedNotate\data\cache\PN-20261006-003\exports\Liszt\Gran_Etudes_de_Paganini\2_La_campanella\xml_score.mid,26486,0,1.3760277999999744,True,False,,E:\PedNotate\coordination\evidence\PN-20261006-003\logs\Liszt__Gran_Etudes_de_Paganini__2_La_campanella__xml_score_musicxml.stdout.txt,E:\PedNotate\coordination\evidence\PN-20261006-003\logs\Liszt__Gran_Etudes_de_Paganini__2_La_campanella__xml_score_musicxml.stderr.txt,,480,8653,14,0.0,13,7,6,7,0,1.8571428571428572,1.0,0.8571428571428571,1.0,0.9285714285714286,0.5,0.42857142857142855,0.5
E:\PedNotate\data\asap-dataset\Liszt\Hungarian_Rhapsodies\6\xml_score.musicxml,Liszt/Hungarian_Rhapsodies/6/xml_score.musicxml,Liszt,3.1,362,181,181,True,e17362f40d176b20c485b6f5f66785e1372dd6af6578432f89f8762807910f66,pedal,"""D:\MuseScore 4\bin\MuseScore4.exe"" -f -o E:\PedNotate\data\cache\PN-20261006-003\exports\Liszt\Hungarian_Rhapsodies\6\xml_score.mid E:\PedNotate\data\asap-dataset\Liszt\Hungarian_Rhapsodies\6\xml_score.musicxml",E:\PedNotate\data\cache\PN-20261006-003\exports\Liszt\Hungarian_Rhapsodies\6\xml_score.mid,30493,0,1.4297394000004715,True,False,,E:\PedNotate\coordination\evidence\PN-20261006-003\logs\Liszt__Hungarian_Rhapsodies__6__xml_score_musicxml.stdout.txt,E:\PedNotate\coordination\evidence\PN-20261006-003\logs\Liszt__Hungarian_Rhapsodies__6__xml_score_musicxml.stderr.txt,,480,9507,356,0.0,308,155,93,155,0,1.701657458563536,0.856353591160221,0.5138121546961326,0.856353591160221,0.850828729281768,0.4281767955801105,0.2569060773480663,0.4281767955801105
E:\PedNotate\data\asap-dataset\Liszt\Hungarian_Rhapsodies\6_no_repeat\xml_score.musicxml,Liszt/Hungarian_Rhapsodies/6_no_repeat/xml_score.musicxml,Liszt,3.1,362,181,181,True,1474a9d22efe60c9d50a01404316549422f8abcaa7efbf93713586812d0465a5,pedal,"""D:\MuseScore 4\bin\MuseScore4.exe"" -f -o E:\PedNotate\data\cache\PN-20261006-003\exports\Liszt\Hungarian_Rhapsodies\6_no_repeat\xml_score.mid E:\PedNotate\data\asap-dataset\Liszt\Hungarian_Rhapsodies\6_no_repeat\xml_score.musicxml",E:\PedNotate\data\cache\PN-20261006-003\exports\Liszt\Hungarian_Rhapsodies\6_no_repeat\xml_score.mid,30493,0,1.4411741999992955,True,False,,E:\PedNotate\coordination\evidence\PN-20261006-003\logs\Liszt__Hungarian_Rhapsodies__6_no_repeat__xml_score_musicxml.stdout.txt,E:\PedNotate\coordination\evidence\PN-20261006-003\logs\Liszt__Hungarian_Rhapsodies__6_no_repeat__xml_score_musicxml.stderr.txt,,480,9507,356,0.0,308,155,93,155,0,1.701657458563536,0.856353591160221,0.5138121546961326,0.856353591160221,0.850828729281768,0.4281767955801105,0.2569060773480663,0.4281767955801105
E:\PedNotate\data\asap-dataset\Liszt\Mephisto_Waltz\xml_score.musicxml,Liszt/Mephisto_Waltz/xml_score.musicxml,Liszt,3.1,685,392,293,True,895c5fbe0f7d2095a2c1f4feaa44b8e630c43b7a798b5a4421da66ab45bd0e18,pedal,"""D:\MuseScore 4\bin\MuseScore4.exe"" -f -o E:\PedNotate\data\cache\PN-20261006-003\exports\Liszt\Mephisto_Waltz\xml_score.mid E:\PedNotate\data\asap-dataset\Liszt\Mephisto_Waltz\xml_score.musicxml",E:\PedNotate\data\cache\PN-20261006-003\exports\Liszt\Mephisto_Waltz\xml_score.mid,65871,0,2.410536100000172,True,False,,E:\PedNotate\coordination\evidence\PN-20261006-003\logs\Liszt__Mephisto_Waltz__xml_score_musicxml.stdout.txt,E:\PedNotate\coordination\evidence\PN-20261006-003\logs\Liszt__Mephisto_Waltz__xml_score_musicxml.stderr.txt,,480,20401,586,0.0,585,293,293,293,0,1.4923469387755102,0.7474489795918368,0.7474489795918368,0.7474489795918368,0.8540145985401459,0.42773722627737226,0.42773722627737226,0.42773722627737226
E:\PedNotate\data\asap-dataset\Liszt\Sonata\xml_score.musicxml,Liszt/Sonata/xml_score.musicxml,Liszt,3.1,519,256,263,True,61cd8522c65ba19a026ac7b9b644d71b4877354b7b0cd5d29222b26866f202c8,pedal,"""D:\MuseScore 4\bin\MuseScore4.exe"" -f -o E:\PedNotate\data\cache\PN-20261006-003\exports\Liszt\Sonata\xml_score.mid E:\PedNotate\data\asap-dataset\Liszt\Sonata\xml_score.musicxml",E:\PedNotate\data\cache\PN-20261006-003\exports\Liszt\Sonata\xml_score.mid,105162,0,3.3952635999994527,True,False,,E:\PedNotate\coordination\evidence\PN-20261006-003\logs\Liszt__Sonata__xml_score_musicxml.stdout.txt,E:\PedNotate\coordination\evidence\PN-20261006-003\logs\Liszt__Sonata__xml_score_musicxml.stderr.txt,,480,32567,502,0.0,453,227,54,227,0,1.76953125,0.88671875,0.2109375,0.88671875,0.8728323699421965,0.4373795761078998,0.10404624277456648,0.4373795761078998
E:\PedNotate\data\asap-dataset\Liszt\Transcendental_Etudes\1\xml_score.musicxml,Liszt/Transcendental_Etudes/1/xml_score.musicxml,Liszt,3.1,22,11,11,True,068ba0cb99bcb492817cb26ef804eeeff21171ecf923166b48a6c580e5f0b858,pedal,"""D:\MuseScore 4\bin\MuseScore4.exe"" -f -o E:\PedNotate\data\cache\PN-20261006-003\exports\Liszt\Transcendental_Etudes\1\xml_score.mid E:\PedNotate\data\asap-dataset\Liszt\Transcendental_Etudes\1\xml_score.musicxml",E:\PedNotate\data\cache\PN-20261006-003\exports\Liszt\Transcendental_Etudes\1\xml_score.mid,4514,0,0.9785597999998572,True,False,,E:\PedNotate\coordination\evidence\PN-20261006-003\logs\Liszt__Transcendental_Etudes__1__xml_score_musicxml.stdout.txt,E:\PedNotate\coordination\evidence\PN-20261006-003\logs\Liszt__Transcendental_Etudes__1__xml_score_musicxml.stderr.txt,,480,1410,22,0.0,21,11,3,11,0,1.9090909090909092,1.0,0.2727272727272727,1.0,0.9545454545454546,0.5,0.13636363636363635,0.5
E:\PedNotate\data\asap-dataset\Liszt\Transcendental_Etudes\10\xml_score.musicxml,Liszt/Transcendental_Etudes/10/xml_score.musicxml,Liszt,3.1,10,5,5,True,fed4d931560d1305f545c453d03e8f0537750688a028246cbf0996b5aa1b63fb,pedal,"""D:\MuseScore 4\bin\MuseScore4.exe"" -o E:\PedNotate\data\cache\PN-20261006-003\exports\Liszt\Transcendental_Etudes\10\xml_score.mid E:\PedNotate\data\asap-dataset\Liszt\Transcendental_Etudes\10\xml_score.musicxml",E:\PedNotate\data\cache\PN-20261006-003\exports\Liszt\Transcendental_Etudes\10\xml_score.mid,25587,0,1.5791615999996793,True,False,,E:\PedNotate\coordination\evidence\PN-20261006-003\logs\Liszt__Transcendental_Etudes__10__xml_score_musicxml.stdout.txt,E:\PedNotate\coordination\evidence\PN-20261006-003\logs\Liszt__Transcendental_Etudes__10__xml_score_musicxml.stderr.txt,,480,8262,10,0.0,9,5,1,5,0,1.8,1.0,0.2,1.0,0.9,0.5,0.1,0.5
E:\PedNotate\data\asap-dataset\Liszt\Transcendental_Etudes\11\xml_score.musicxml,Liszt/Transcendental_Etudes/11/xml_score.musicxml,Liszt,3.1,16,8,8,True,85350d846c95ef3a8f8b3ecce99d327183ba067a5c7b1ec8c7e54574872f5e56,pedal,"""D:\MuseScore 4\bin\MuseScore4.exe"" -o E:\PedNotate\data\cache\PN-20261006-003\exports\Liszt\Transcendental_Etudes\11\xml_score.mid E:\PedNotate\data\asap-dataset\Liszt\Transcendental_Etudes\11\xml_score.musicxml",E:\PedNotate\data\cache\PN-20261006-003\exports\Liszt\Transcendental_Etudes\11\xml_score.mid,32818,0,1.4988954999998896,True,False,,E:\PedNotate\coordination\evidence\PN-20261006-003\logs\Liszt__Transcendental_Etudes__11__xml_score_musicxml.stdout.txt,E:\PedNotate\coordination\evidence\PN-20261006-003\logs\Liszt__Transcendental_Etudes__11__xml_score_musicxml.stderr.txt,,480,10296,16,0.0,15,8,4,8,0,1.875,1.0,0.5,1.0,0.9375,0.5,0.25,0.5
E:\PedNotate\data\asap-dataset\Liszt\Transcendental_Etudes\4\xml_score.musicxml,Liszt/Transcendental_Etudes/4/xml_score.musicxml,Liszt,3.1,426,213,213,True,6c31a326aaadadb88ac99a9e472aebc3db2561abae721ce282581df4bda1275c,pedal,"""D:\MuseScore 4\bin\MuseScore4.exe"" -f -o E:\PedNotate\data\cache\PN-20261006-003\exports\Liszt\Transcendental_Etudes\4\xml_score.mid E:\PedNotate\data\asap-dataset\Liszt\Transcendental_Etudes\4\xml_score.musicxml",E:\PedNotate\data\cache\PN-20261006-003\exports\Liszt\Transcendental_Etudes\4\xml_score.mid,44084,0,1.7305145000000266,True,False,,E:\PedNotate\coordination\evidence\PN-20261006-003\logs\Liszt__Transcendental_Etudes__4__xml_score_musicxml.stdout.txt,E:\PedNotate\coordination\evidence\PN-20261006-003\logs\Liszt__Transcendental_Etudes__4__xml_score_musicxml.stderr.txt,,480,13686,426,0.0,425,213,66,213,0,1.9953051643192488,1.0,0.30985915492957744,1.0,0.9976525821596244,0.5,0.15492957746478872,0.5
E:\PedNotate\data\asap-dataset\Liszt\Transcendental_Etudes\5\xml_score.musicxml,Liszt/Transcendental_Etudes/5/xml_score.musicxml,Liszt,3.1,10,5,5,True,5210c2e98573d3686101ba5496e139aec5b2319a52898c2912ba2c6dad0fbfa9,pedal,"""D:\MuseScore 4\bin\MuseScore4.exe"" -o E:\PedNotate\data\cache\PN-20261006-003\exports\Liszt\Transcendental_Etudes\5\xml_score.mid E:\PedNotate\data\asap-dataset\Liszt\Transcendental_Etudes\5\xml_score.musicxml",E:\PedNotate\data\cache\PN-20261006-003\exports\Liszt\Transcendental_Etudes\5\xml_score.mid,26991,0,1.7926456999994116,True,False,,E:\PedNotate\coordination\evidence\PN-20261006-003\logs\Liszt__Transcendental_Etudes__5__xml_score_musicxml.stdout.txt,E:\PedNotate\coordination\evidence\PN-20261006-003\logs\Liszt__Transcendental_Etudes__5__xml_score_musicxml.stderr.txt,,480,8907,10,0.0,9,5,3,5,0,1.8,1.0,0.6,1.0,0.9,0.5,0.3,0.5
E:\PedNotate\data\asap-dataset\Liszt\Transcendental_Etudes\9\xml_score.musicxml,Liszt/Transcendental_Etudes/9/xml_score.musicxml,Liszt,3.1,102,51,51,True,43fe08d426a3c99c47e70147ed3e0ec0b73c652697a3694de9331f133d40641d,pedal,"""D:\MuseScore 4\bin\MuseScore4.exe"" -o E:\PedNotate\data\cache\PN-20261006-003\exports\Liszt\Transcendental_Etudes\9\xml_score.mid E:\PedNotate\data\asap-dataset\Liszt\Transcendental_Etudes\9\xml_score.musicxml",E:\PedNotate\data\cache\PN-20261006-003\exports\Liszt\Transcendental_Etudes\9\xml_score.mid,27958,0,1.709473999999318,True,False,,E:\PedNotate\coordination\evidence\PN-20261006-003\logs\Liszt__Transcendental_Etudes__9__xml_score_musicxml.stdout.txt,E:\PedNotate\coordination\evidence\PN-20261006-003\logs\Liszt__Transcendental_Etudes__9__xml_score_musicxml.stderr.txt,,480,8646,102,0.0,101,51,14,51,0,1.9803921568627452,1.0,0.27450980392156865,1.0,0.9901960784313726,0.5,0.13725490196078433,0.5
E:\PedNotate\data\asap-dataset\Prokofiev\Toccata\xml_score.musicxml,Prokofiev/Toccata/xml_score.musicxml,Prokofiev,3.1,1,1,0,True,196ed16b983edc2a2d51a6b954b2c596a8d09effa0af42f04bed8aa869c60f46,pedal,"""D:\MuseScore 4\bin\MuseScore4.exe"" -o E:\PedNotate\data\cache\PN-20261006-003\exports\Prokofiev\Toccata\xml_score.mid E:\PedNotate\data\asap-dataset\Prokofiev\Toccata\xml_score.musicxml",E:\PedNotate\data\cache\PN-20261006-003\exports\Prokofiev\Toccata\xml_score.mid,28633,0,1.6648136000003433,True,False,,E:\PedNotate\coordination\evidence\PN-20261006-003\logs\Prokofiev__Toccata__xml_score_musicxml.stdout.txt,E:\PedNotate\coordination\evidence\PN-20261006-003\logs\Prokofiev__Toccata__xml_score_musicxml.stderr.txt,,480,9454,0,,0,0,0,0,0,0.0,0.0,0.0,0.0,0.0,0.0,0.0,0.0
E:\PedNotate\data\asap-dataset\Rachmaninoff\Preludes_op_32\10\xml_score.musicxml,Rachmaninoff/Preludes_op_32/10/xml_score.musicxml,Rachmaninoff,3.1,48,24,24,True,5a7ffdb8f67f3422902dc5fb2b690852a6ab8ae68d6574c455b43f0d7cae225d,pedal,"""D:\MuseScore 4\bin\MuseScore4.exe"" -f -o E:\PedNotate\data\cache\PN-20261006-003\exports\Rachmaninoff\Preludes_op_32\10\xml_score.mid E:\PedNotate\data\asap-dataset\Rachmaninoff\Preludes_op_32\10\xml_score.musicxml",E:\PedNotate\data\cache\PN-20261006-003\exports\Rachmaninoff\Preludes_op_32\10\xml_score.mid,17089,0,1.2060501000005388,True,False,,E:\PedNotate\coordination\evidence\PN-20261006-003\logs\Rachmaninoff__Preludes_op_32__10__xml_score_musicxml.stdout.txt,E:\PedNotate\coordination\evidence\PN-20261006-003\logs\Rachmaninoff__Preludes_op_32__10__xml_score_musicxml.stderr.txt,,480,5277,48,0.0,39,20,11,20,0,1.625,0.8333333333333334,0.4583333333333333,0.8333333333333334,0.8125,0.4166666666666667,0.22916666666666666,0.4166666666666667
E:\PedNotate\data\asap-dataset\Ravel\Gaspard_de_la_Nuit\1_Ondine\xml_score.musicxml,Ravel/Gaspard_de_la_Nuit/1_Ondine/xml_score.musicxml,Ravel,1.1,6,3,3,True,1f28ee79a5cf342d5ad9d8309769510ba2fcadb2b09a1e76d5c0f583055742b4,pedal,"""D:\MuseScore 4\bin\MuseScore4.exe"" -f -o E:\PedNotate\data\cache\PN-20261006-003\exports\Ravel\Gaspard_de_la_Nuit\1_Ondine\xml_score.mid E:\PedNotate\data\asap-dataset\Ravel\Gaspard_de_la_Nuit\1_Ondine\xml_score.musicxml",E:\PedNotate\data\cache\PN-20261006-003\exports\Ravel\Gaspard_de_la_Nuit\1_Ondine\xml_score.mid,31175,0,1.4017923000001247,True,False,,E:\PedNotate\coordination\evidence\PN-20261006-003\logs\Ravel__Gaspard_de_la_Nuit__1_Ondine__xml_score_musicxml.stdout.txt,E:\PedNotate\coordination\evidence\PN-20261006-003\logs\Ravel__Gaspard_de_la_Nuit__1_Ondine__xml_score_musicxml.stderr.txt,,480,10093,6,0.0,5,3,3,3,0,1.6666666666666667,1.0,1.0,1.0,0.8333333333333334,0.5,0.5,0.5
E:\PedNotate\data\asap-dataset\Ravel\Miroirs\3_Une_Barque\xml_score.musicxml,Ravel/Miroirs/3_Une_Barque/xml_score.musicxml,Ravel,3.1,279,139,140,True,074f5b9ec5a86f5ab89ab0b8502ae02e51808876f8d4cf3580944c339bc30c3c,pedal,"""D:\MuseScore 4\bin\MuseScore4.exe"" -f -o E:\PedNotate\data\cache\PN-20261006-003\exports\Ravel\Miroirs\3_Une_Barque\xml_score.mid E:\PedNotate\data\asap-dataset\Ravel\Miroirs\3_Une_Barque\xml_score.musicxml",E:\PedNotate\data\cache\PN-20261006-003\exports\Ravel\Miroirs\3_Une_Barque\xml_score.mid,30324,0,1.7568057999997109,True,False,,E:\PedNotate\coordination\evidence\PN-20261006-003\logs\Ravel__Miroirs__3_Une_Barque__xml_score_musicxml.stdout.txt,E:\PedNotate\coordination\evidence\PN-20261006-003\logs\Ravel__Miroirs__3_Une_Barque__xml_score_musicxml.stderr.txt,,480,9675,276,0.0,259,130,12,130,0,1.8633093525179856,0.935251798561151,0.08633093525179857,0.935251798561151,0.9283154121863799,0.4659498207885305,0.043010752688172046,0.4659498207885305
E:\PedNotate\data\asap-dataset\Ravel\Miroirs\4_Alborada_del_gracioso\xml_score.musicxml,Ravel/Miroirs/4_Alborada_del_gracioso/xml_score.musicxml,Ravel,1.1,20,10,10,True,c3a764468259ce6457ade4b6367ca8d7ac03baebb9b1497fcaae9dbb7822f596,pedal,"""D:\MuseScore 4\bin\MuseScore4.exe"" -f -o E:\PedNotate\data\cache\PN-20261006-003\exports\Ravel\Miroirs\4_Alborada_del_gracioso\xml_score.mid E:\PedNotate\data\asap-dataset\Ravel\Miroirs\4_Alborada_del_gracioso\xml_score.musicxml",E:\PedNotate\data\cache\PN-20261006-003\exports\Ravel\Miroirs\4_Alborada_del_gracioso\xml_score.mid,27293,0,1.5243034000004627,True,False,,E:\PedNotate\coordination\evidence\PN-20261006-003\logs\Ravel__Miroirs__4_Alborada_del_gracioso__xml_score_musicxml.stdout.txt,E:\PedNotate\coordination\evidence\PN-20261006-003\logs\Ravel__Miroirs__4_Alborada_del_gracioso__xml_score_musicxml.stderr.txt,,480,8525,20,0.0,19,10,10,10,0,1.9,1.0,1.0,1.0,0.95,0.5,0.5,0.5
E:\PedNotate\data\asap-dataset\Ravel\Pavane\xml_score.musicxml,Ravel/Pavane/xml_score.musicxml,Ravel,3.1,4,2,2,True,a839accb7cc247748e7ce7b442af937bd630fd97e75adc7f9ae0c42ed1d970aa,pedal,"""D:\MuseScore 4\bin\MuseScore4.exe"" -f -o E:\PedNotate\data\cache\PN-20261006-003\exports\Ravel\Pavane\xml_score.mid E:\PedNotate\data\asap-dataset\Ravel\Pavane\xml_score.musicxml",E:\PedNotate\data\cache\PN-20261006-003\exports\Ravel\Pavane\xml_score.mid,12240,0,1.0472351999997045,True,False,,E:\PedNotate\coordination\evidence\PN-20261006-003\logs\Ravel__Pavane__xml_score_musicxml.stdout.txt,E:\PedNotate\coordination\evidence\PN-20261006-003\logs\Ravel__Pavane__xml_score_musicxml.stderr.txt,,480,3775,4,0.0,3,2,1,2,0,1.5,1.0,0.5,1.0,0.75,0.5,0.25,0.5
E:\PedNotate\data\asap-dataset\Schubert\Impromptu_op.90_D.899\3\xml_score.musicxml,Schubert/Impromptu_op.90_D.899/3/xml_score.musicxml,Schubert,3.1,1,1,0,True,1d10907c0345dc1b32c16f7c89e5c0ab3e7901efa8cc0177f0283c13e6e55e58,pedal,"""D:\MuseScore 4\bin\MuseScore4.exe"" -o E:\PedNotate\data\cache\PN-20261006-003\exports\Schubert\Impromptu_op.90_D.899\3\xml_score.mid E:\PedNotate\data\asap-dataset\Schubert\Impromptu_op.90_D.899\3\xml_score.musicxml",E:\PedNotate\data\cache\PN-20261006-003\exports\Schubert\Impromptu_op.90_D.899\3\xml_score.mid,19193,0,1.379430500000126,True,False,,E:\PedNotate\coordination\evidence\PN-20261006-003\logs\Schubert__Impromptu_op_90_D_899__3__xml_score_musicxml.stdout.txt,E:\PedNotate\coordination\evidence\PN-20261006-003\logs\Schubert__Impromptu_op_90_D_899__3__xml_score_musicxml.stderr.txt,,480,5595,0,,0,0,0,0,0,0.0,0.0,0.0,0.0,0.0,0.0,0.0,0.0
E:\PedNotate\data\asap-dataset\Schumann\Arabeske\xml_score.musicxml,Schumann/Arabeske/xml_score.musicxml,Schumann,3.1,195,127,68,True,a63dbda18f86afad6b1f74105ef816da79bd986c5d80d7a1ccac26df9fa407be,pedal,"""D:\MuseScore 4\bin\MuseScore4.exe"" -o E:\PedNotate\data\cache\PN-20261006-003\exports\Schumann\Arabeske\xml_score.mid E:\PedNotate\data\asap-dataset\Schumann\Arabeske\xml_score.musicxml",E:\PedNotate\data\cache\PN-20261006-003\exports\Schumann\Arabeske\xml_score.mid,19807,0,1.532435400000395,True,False,,E:\PedNotate\coordination\evidence\PN-20261006-003\logs\Schumann__Arabeske__xml_score_musicxml.stdout.txt,E:\PedNotate\coordination\evidence\PN-20261006-003\logs\Schumann__Arabeske__xml_score_musicxml.stderr.txt,,480,6013,136,0.0,131,66,66,66,0,1.031496062992126,0.5196850393700787,0.5196850393700787,0.5196850393700787,0.6717948717948717,0.3384615384615385,0.3384615384615385,0.3384615384615385
E:\PedNotate\data\asap-dataset\Schumann\Kreisleriana\3\xml_score.musicxml,Schumann/Kreisleriana/3/xml_score.musicxml,Schumann,1.1,1,0,1,True,e8dfb7486f8b4eb9dc08a361a61bc75e7ab0c99cc988b631d941110261ba3006,pedal,"""D:\MuseScore 4\bin\MuseScore4.exe"" -f -o E:\PedNotate\data\cache\PN-20261006-003\exports\Schumann\Kreisleriana\3\xml_score.mid E:\PedNotate\data\asap-dataset\Schumann\Kreisleriana\3\xml_score.musicxml",E:\PedNotate\data\cache\PN-20261006-003\exports\Schumann\Kreisleriana\3\xml_score.mid,13882,0,1.1278743000002578,True,False,,E:\PedNotate\coordination\evidence\PN-20261006-003\logs\Schumann__Kreisleriana__3__xml_score_musicxml.stdout.txt,E:\PedNotate\coordination\evidence\PN-20261006-003\logs\Schumann__Kreisleriana__3__xml_score_musicxml.stderr.txt,,480,4272,0,,0,0,0,0,0,,,,,0.0,0.0,0.0,0.0
E:\PedNotate\data\asap-dataset\Schumann\Kreisleriana\3_no_repeat\xml_score.musicxml,Schumann/Kreisleriana/3_no_repeat/xml_score.musicxml,Schumann,1.1,1,0,1,True,a6296fd0810d8e12d4d5684e351752d620173206194c605994af8c160c6f5cc2,pedal,"""D:\MuseScore 4\bin\MuseScore4.exe"" -f -o E:\PedNotate\data\cache\PN-20261006-003\exports\Schumann\Kreisleriana\3_no_repeat\xml_score.mid E:\PedNotate\data\asap-dataset\Schumann\Kreisleriana\3_no_repeat\xml_score.musicxml",E:\PedNotate\data\cache\PN-20261006-003\exports\Schumann\Kreisleriana\3_no_repeat\xml_score.mid,11616,0,1.0411882999997033,True,False,,E:\PedNotate\coordination\evidence\PN-20261006-003\logs\Schumann__Kreisleriana__3_no_repeat__xml_score_musicxml.stdout.txt,E:\PedNotate\coordination\evidence\PN-20261006-003\logs\Schumann__Kreisleriana__3_no_repeat__xml_score_musicxml.stderr.txt,,480,3566,0,,0,0,0,0,0,,,,,0.0,0.0,0.0,0.0
E:\PedNotate\data\asap-dataset\Schumann\Kreisleriana\4\xml_score.musicxml,Schumann/Kreisleriana/4/xml_score.musicxml,Schumann,3.1,6,4,2,True,1a8579a17c0dd12c391061184999a83965b59371c0ec27c364e91f9d98cf443c,pedal,"""D:\MuseScore 4\bin\MuseScore4.exe"" -o E:\PedNotate\data\cache\PN-20261006-003\exports\Schumann\Kreisleriana\4\xml_score.mid E:\PedNotate\data\asap-dataset\Schumann\Kreisleriana\4\xml_score.musicxml",E:\PedNotate\data\cache\PN-20261006-003\exports\Schumann\Kreisleriana\4\xml_score.mid,4477,0,1.2952953000003617,True,False,,E:\PedNotate\coordination\evidence\PN-20261006-003\logs\Schumann__Kreisleriana__4__xml_score_musicxml.stdout.txt,E:\PedNotate\coordination\evidence\PN-20261006-003\logs\Schumann__Kreisleriana__4__xml_score_musicxml.stderr.txt,,480,1387,4,0.0,3,2,2,2,0,0.75,0.5,0.5,0.5,0.5,0.3333333333333333,0.3333333333333333,0.3333333333333333
E:\PedNotate\data\asap-dataset\Schumann\Kreisleriana\6\xml_score.musicxml,Schumann/Kreisleriana/6/xml_score.musicxml,Schumann,3.1,12,11,1,True,840be7d525fc3b3ae77a03ab01612406c2e30d59ad1a5217a18c701baf345ef8,pedal,"""D:\MuseScore 4\bin\MuseScore4.exe"" -o E:\PedNotate\data\cache\PN-20261006-003\exports\Schumann\Kreisleriana\6\xml_score.mid E:\PedNotate\data\asap-dataset\Schumann\Kreisleriana\6\xml_score.musicxml",E:\PedNotate\data\cache\PN-20261006-003\exports\Schumann\Kreisleriana\6\xml_score.mid,4756,0,1.2509651000000304,True,False,,E:\PedNotate\coordination\evidence\PN-20261006-003\logs\Schumann__Kreisleriana__6__xml_score_musicxml.stdout.txt,E:\PedNotate\coordination\evidence\PN-20261006-003\logs\Schumann__Kreisleriana__6__xml_score_musicxml.stderr.txt,,480,1420,2,0.0,1,1,1,1,0,0.09090909090909091,0.09090909090909091,0.09090909090909091,0.09090909090909091,0.08333333333333333,0.08333333333333333,0.08333333333333333,0.08333333333333333
E:\PedNotate\data\asap-dataset\Schumann\Kreisleriana\7\xml_score.musicxml,Schumann/Kreisleriana/7/xml_score.musicxml,Schumann,3.1,2,1,1,True,4aec388b455fb8ae537b501a9f747b92d29bfe0db3b7b0e6153db0cd3974de32,pedal,"""D:\MuseScore 4\bin\MuseScore4.exe"" -o E:\PedNotate\data\cache\PN-20261006-003\exports\Schumann\Kreisleriana\7\xml_score.mid E:\PedNotate\data\asap-dataset\Schumann\Kreisleriana\7\xml_score.musicxml",E:\PedNotate\data\cache\PN-20261006-003\exports\Schumann\Kreisleriana\7\xml_score.mid,9755,0,1.4071081000001868,True,False,,E:\PedNotate\coordination\evidence\PN-20261006-003\logs\Schumann__Kreisleriana__7__xml_score_musicxml.stdout.txt,E:\PedNotate\coordination\evidence\PN-20261006-003\logs\Schumann__Kreisleriana__7__xml_score_musicxml.stderr.txt,,480,3089,2,0.0,1,1,1,1,0,1.0,1.0,1.0,1.0,0.5,0.5,0.5,0.5
E:\PedNotate\data\asap-dataset\Scriabin\Etudes_op_8\11\xml_score.musicxml,Scriabin/Etudes_op_8/11/xml_score.musicxml,Scriabin,3.1,2,1,1,True,9a3f8663d0f40f504cccc373f1af6fabca86d55ff4f22193451ed629c46c6762,pedal,"""D:\MuseScore 4\bin\MuseScore4.exe"" -o E:\PedNotate\data\cache\PN-20261006-003\exports\Scriabin\Etudes_op_8\11\xml_score.mid E:\PedNotate\data\asap-dataset\Scriabin\Etudes_op_8\11\xml_score.musicxml",E:\PedNotate\data\cache\PN-20261006-003\exports\Scriabin\Etudes_op_8\11\xml_score.mid,9055,0,1.3782519999995202,True,False,,E:\PedNotate\coordination\evidence\PN-20261006-003\logs\Scriabin__Etudes_op_8__11__xml_score_musicxml.stdout.txt,E:\PedNotate\coordination\evidence\PN-20261006-003\logs\Scriabin__Etudes_op_8__11__xml_score_musicxml.stderr.txt,,480,2878,2,0.0,1,1,1,1,0,1.0,1.0,1.0,1.0,0.5,0.5,0.5,0.5
E:\PedNotate\data\asap-dataset\Scriabin\Sonatas\5\xml_score.musicxml,Scriabin/Sonatas/5/xml_score.musicxml,Scriabin,3.1,17,10,7,True,bfd1e9e9bdb763632523cc989bd500f2c19c891ae3799ec514839d17dcbccf6d,pedal,"""D:\MuseScore 4\bin\MuseScore4.exe"" -f -o E:\PedNotate\data\cache\PN-20261006-003\exports\Scriabin\Sonatas\5\xml_score.mid E:\PedNotate\data\asap-dataset\Scriabin\Sonatas\5\xml_score.musicxml",E:\PedNotate\data\cache\PN-20261006-003\exports\Scriabin\Sonatas\5\xml_score.mid,49224,0,2.111871200000678,True,False,,E:\PedNotate\coordination\evidence\PN-20261006-003\logs\Scriabin__Sonatas__5__xml_score_musicxml.stdout.txt,E:\PedNotate\coordination\evidence\PN-20261006-003\logs\Scriabin__Sonatas__5__xml_score_musicxml.stderr.txt,,480,15258,14,0.0,13,7,7,7,0,1.3,0.7,0.7,0.7,0.7647058823529411,0.4117647058823529,0.4117647058823529,0.4117647058823529
