domain,method,threshold,scope,n_pred,n_truth,tp,fp,fn,wrong,P,R,F1
test,LR_none,selected,micro,0,16278,0,0,16278,0,0.0,0.0,0.0
test,LR_none,selected,DOWN,0,8457,0,0,8457,0,0.0,0.0,0.0
test,LR_none,selected,UP,0,7821,0,0,7821,0,0.0,0.0,0.0
test,LR_none,0.5,micro,0,16278,0,0,16278,0,0.0,0.0,0.0
test,LR_none,0.5,DOWN,0,8457,0,0,8457,0,0.0,0.0,0.0
test,LR_none,0.5,UP,0,7821,0,0,7821,0,0.0,0.0,0.0
full,LR_none,selected,micro,0,28603,0,0,28603,0,0.0,0.0,0.0
full,LR_none,selected,DOWN,0,14470,0,0,14470,0,0.0,0.0,0.0
full,LR_none,selected,UP,0,14133,0,0,14133,0,0.0,0.0,0.0
full,LR_none,0.5,micro,0,28603,0,0,28603,0,0.0,0.0,0.0
full,LR_none,0.5,DOWN,0,14470,0,0,14470,0,0.0,0.0,0.0
full,LR_none,0.5,UP,0,14133,0,0,14133,0,0.0,0.0,0.0
test,LR_balanced,selected,micro,25567,16278,9753,15814,6525,691,0.3814682989791528,0.599152230003686,0.46614888278169436
test,LR_balanced,selected,DOWN,17867,8457,7167,10700,1290,685,0.401130575922091,0.8474636395885066,0.5445221091019602
test,LR_balanced,selected,UP,7700,7821,2586,5114,5235,6,0.33584415584415583,0.3306482546988876,0.33322595193608656
test,LR_balanced,0.5,micro,126980,16278,16154,110826,124,151,0.12721688454874783,0.9923823565548593,0.22552318195144422
test,LR_balanced,0.5,DOWN,51143,8457,8372,42771,85,20,0.16369786676573528,0.9899491545465295,0.2809395973154362
test,LR_balanced,0.5,UP,75837,7821,7782,68055,39,131,0.10261481862415443,0.9950134253931723,0.18604317578713334
full,LR_balanced,selected,micro,54315,28603,15115,39200,13488,1500,0.27828408358648626,0.5284410726147607,0.3645770520273041
full,LR_balanced,selected,DOWN,39548,14470,11072,28476,3398,1467,0.27996358855062203,0.7651693158258466,0.40993742826465257
full,LR_balanced,selected,UP,14767,14133,4043,10724,10090,33,0.2737861447822848,0.2860680676431048,0.2797923875432526
full,LR_balanced,0.5,micro,345901,28603,27994,317907,609,220,0.08093067091451023,0.9787085270775793,0.14949907077093968
full,LR_balanced,0.5,DOWN,139181,14470,14119,125062,351,25,0.10144344414826736,0.9757429163787146,0.18378012508867497
full,LR_balanced,0.5,UP,206720,14133,13875,192845,258,195,0.06711977554179567,0.9817448524729356,0.1256491874685877
test,LR_annotation_beats,selected,micro,25515,16278,9744,15771,6534,704,0.38189300411522636,0.5985993365278289,0.4662981839063959
test,LR_annotation_beats,selected,DOWN,17857,8457,7160,10697,1297,698,0.40096320770566163,0.846635922904103,0.544197005396367
test,LR_annotation_beats,selected,UP,7658,7821,2584,5074,5237,6,0.3374249151214416,0.3303925329241785,0.33387169713805803
full,LR_annotation_beats,selected,micro,54304,28603,15114,39190,13489,1520,0.2783220388921626,0.5284061112470719,0.36460130025208964
full,LR_annotation_beats,selected,DOWN,39570,14470,11074,28496,3396,1489,0.27985847864543845,0.7653075328265376,0.4098445595854922
full,LR_annotation_beats,selected,UP,14734,14133,4040,10694,10093,31,0.27419573774942313,0.28585579848581333,0.2799043890948141
test,inversion_B1,na,micro,44693,16278,11997,32696,4281,597,0.26843129796612447,0.7370070033173609,0.39353135097013336
test,inversion_B1,na,DOWN,22445,8457,6917,15528,1540,195,0.30817554020940074,0.8179023294312404,0.4476732897547084
test,inversion_B1,na,UP,22248,7821,5080,17168,2741,402,0.22833513124775262,0.6495333077611558,0.3378895207688982
test,B2_K3,na,micro,43810,16278,11012,32798,5266,358,0.2513581374115499,0.6764958840152353,0.3665290906670217
test,B2_K3,na,DOWN,21912,8457,7269,14643,1188,234,0.33173603504928806,0.8595246541326712,0.4787118443149264
test,B2_K3,na,UP,21898,7821,3743,18155,4078,124,0.17092885194994978,0.4785833013681115,0.2518927285574885
test,beat_periodic_2,na,micro,36271,16278,8455,27816,7823,5000,0.23310633839706651,0.519412704263423,0.3217948961921254
test,beat_periodic_2,na,DOWN,36271,8457,8455,27816,2,5000,0.23310633839706651,0.9997635095187418,0.3780629583258809
test,beat_periodic_2,na,UP,0,7821,0,0,7821,0,0.0,0.0,0.0
test,beat_periodic_4,na,micro,18166,16278,5880,12286,10398,1875,0.3236816029946053,0.3612237375598968,0.3414237603065846
test,beat_periodic_4,na,DOWN,18166,8457,5880,12286,2577,1875,0.3236816029946053,0.6952820148989003,0.44172332193967623
test,beat_periodic_4,na,UP,0,7821,0,0,7821,0,0.0,0.0,0.0
full,inversion_B1,na,micro,132103,28603,22224,109879,6379,742,0.16823236414010279,0.7769814355137573,0.2765795925478825
full,inversion_B1,na,DOWN,66295,14470,12123,54172,2347,281,0.18286446941699977,0.8378023496890118,0.30020429641552654
full,inversion_B1,na,UP,65808,14133,10101,55707,4032,461,0.15349197665937273,0.7147102526002972,0.2527113746387961
full,B2_K3,na,micro,129036,28603,20818,108218,7785,545,0.1613348212901826,0.7278257525434395,0.2641224570061977
full,B2_K3,na,DOWN,64532,14470,12479,52053,1991,366,0.19337692927539826,0.8624049758120249,0.31591605275815804
full,B2_K3,na,UP,64504,14133,8339,56165,5794,179,0.12927880441523007,0.5900375008844548,0.2120884570876305
full,beat_periodic_2,na,micro,95738,28603,13967,81771,14636,7618,0.14588773527752824,0.48830542250812853,0.2246563884800669
full,beat_periodic_2,na,DOWN,95738,14470,13967,81771,503,7618,0.14588773527752824,0.9652384243261921,0.2534661730545877
full,beat_periodic_2,na,UP,0,14133,0,0,14133,0,0.0,0.0,0.0
full,beat_periodic_4,na,micro,47947,28603,9175,38772,19428,2897,0.19135712349052078,0.32077054854385906,0.23971260613977796
full,beat_periodic_4,na,DOWN,47947,14470,9175,38772,5295,2897,0.19135712349052078,0.6340704906703525,0.2939904192767996
full,beat_periodic_4,na,UP,0,14133,0,0,14133,0,0.0,0.0,0.0
