domain,method,scope,n_pred,n_truth,tp,fp,fn,wrong,P,R,F1
test,LR,micro,47906,16278,12612,35294,3666,1770,0.2632655617250449,0.7747880575009215,0.39299513897544563
test,LR,DOWN,16193,8457,6165,10028,2292,181,0.38072006422528254,0.7289819084781838,0.5002028397565923
test,LR,UP,31713,7821,6447,25266,1374,1589,0.20329202535237914,0.8243191407748369,0.32614964334496893
test,GBDT,micro,71477,16278,13605,57872,2673,1589,0.19034094883668873,0.8357906376704755,0.31006780240442144
test,GBDT,DOWN,47922,8457,8104,39818,353,1589,0.16910813405116648,0.9582594300579401,0.2874829280405825
test,GBDT,UP,23555,7821,5501,18054,2320,0,0.2335385268520484,0.7033627413374249,0.35065017848036717
test,LR_struc,micro,94389,16278,12734,81655,3544,4033,0.1349097882168473,0.7822828357292051,0.23013183695229833
test,LR_struc,DOWN,35157,8457,6184,28973,2273,343,0.17589669198168217,0.731228568050136,0.283578667400376
test,LR_struc,UP,59232,7821,6550,52682,1271,3690,0.11058211777417612,0.8374888121723565,0.1953678433477995
test,inversion_B1,micro,44693,16278,11997,32696,4281,597,0.26843129796612447,0.7370070033173609,0.39353135097013336
test,inversion_B1,DOWN,22445,8457,6917,15528,1540,195,0.30817554020940074,0.8179023294312404,0.4476732897547084
test,inversion_B1,UP,22248,7821,5080,17168,2741,402,0.22833513124775262,0.6495333077611558,0.3378895207688982
test,B2_K3,micro,43810,16278,11012,32798,5266,358,0.2513581374115499,0.6764958840152353,0.3665290906670217
test,B2_K3,DOWN,21912,8457,7269,14643,1188,234,0.33173603504928806,0.8595246541326712,0.4787118443149264
test,B2_K3,UP,21898,7821,3743,18155,4078,124,0.17092885194994978,0.4785833013681115,0.2518927285574885
test,beat_periodic_2,micro,36271,16278,8455,27816,7823,5000,0.23310633839706651,0.519412704263423,0.3217948961921254
test,beat_periodic_2,DOWN,36271,8457,8455,27816,2,5000,0.23310633839706651,0.9997635095187418,0.3780629583258809
test,beat_periodic_2,UP,0,7821,0,0,7821,0,0.0,0.0,0.0
test,beat_periodic_4,micro,18166,16278,5880,12286,10398,1875,0.3236816029946053,0.3612237375598968,0.3414237603065846
test,beat_periodic_4,DOWN,18166,8457,5880,12286,2577,1875,0.3236816029946053,0.6952820148989003,0.44172332193967623
test,beat_periodic_4,UP,0,7821,0,0,7821,0,0.0,0.0,0.0
val_test,LR,micro,52630,16917,12892,39738,4025,1835,0.24495534866045982,0.7620736537211089,0.3707420880843171
val_test,LR,DOWN,16349,8766,6193,10156,2573,181,0.37879992660101536,0.7064795801962126,0.49317141150706745
val_test,LR,UP,36281,8151,6699,29582,1452,1654,0.18464209917036464,0.8218623481781376,0.30153943104069136
val_test,GBDT,micro,78305,16917,13830,64475,3087,1732,0.17661707426090287,0.8175208370278418,0.2904790909663733
val_test,GBDT,DOWN,54255,8766,8294,45961,472,1732,0.152870703160999,0.946155601186402,0.26321384935180336
val_test,GBDT,UP,24050,8151,5536,18514,2615,0,0.2301871101871102,0.6791804686541528,0.3438402534082793
val_test,LR_struc,micro,105918,16917,13176,92742,3741,4427,0.12439811929983573,0.7788615002660046,0.21453168885089757
val_test,LR_struc,DOWN,35879,8766,6299,29580,2467,346,0.17556230664176817,0.718571754506046,0.2821816552805465
val_test,LR_struc,UP,70039,8151,6877,63162,1274,4081,0.09818815231513871,0.8437001594896332,0.17590484716715693
val_test,inversion_B1,micro,57546,16917,12603,44943,4314,598,0.21900740277343342,0.7449902464976059,0.3385036863945852
val_test,inversion_B1,DOWN,28873,8766,7211,21662,1555,195,0.24974890035673467,0.822610084417066,0.38316639655676293
val_test,inversion_B1,UP,28673,8151,5392,23281,2759,403,0.1880514769992676,0.6615139246718194,0.29285248750814685
val_test,B2_K3,micro,56514,16917,11600,44914,5317,375,0.2052588739073504,0.6857007743689779,0.31594285792104154
val_test,B2_K3,DOWN,28264,8766,7564,20700,1202,250,0.2676195867534673,0.862879306411134,0.40853362138806376
val_test,B2_K3,UP,28250,8151,4036,24214,4115,125,0.14286725663716815,0.49515396883817936,0.22175214966621798
val_test,beat_periodic_2,micro,42019,16917,8744,33275,8173,5090,0.2080963373711892,0.5168765147484778,0.29672865481199945
val_test,beat_periodic_2,DOWN,42019,8766,8744,33275,22,5090,0.2080963373711892,0.9974903034451289,0.3443536477306291
val_test,beat_periodic_2,UP,0,8151,0,0,8151,0,0.0,0.0,0.0
val_test,beat_periodic_4,micro,21046,16917,6039,15007,10878,1901,0.28694288700940795,0.3569781876219188,0.31815188472986855
val_test,beat_periodic_4,DOWN,21046,8766,6039,15007,2727,1901,0.28694288700940795,0.688911704312115,0.4051388702535892
val_test,beat_periodic_4,UP,0,8151,0,0,8151,0,0.0,0.0,0.0
full,LR,micro,115255,28603,22212,93043,6391,2061,0.19272048934970284,0.7765618991014929,0.3088045155639589
full,LR,DOWN,44129,14470,10995,33134,3475,263,0.24915588388588003,0.7598479612992398,0.3752623764910665
full,LR,UP,71126,14133,11217,59909,2916,1798,0.1577060427972893,0.7936743791127149,0.2631276463481861
full,GBDT,micro,170178,28603,26227,143951,2376,2331,0.15411510300978976,0.9169317903716393,0.2638783384729929
full,GBDT,DOWN,122413,14470,14362,108051,108,2331,0.11732414040992378,0.9925362819626814,0.2098434429403213
full,GBDT,UP,47765,14133,11865,35900,2268,0,0.2484036428347116,0.8395245170876672,0.3833726453197196
full,LR_struc,micro,217030,28603,23635,193395,4968,4628,0.1089019951158826,0.8263119253225186,0.1924415693331108
full,LR_struc,DOWN,85444,14470,11776,73668,2694,605,0.1378212630494827,0.8138217000691085,0.23572272154052484
full,LR_struc,UP,131586,14133,11859,119727,2274,4023,0.09012356937668141,0.8390999787730843,0.16276532229839621
full,inversion_B1,micro,132103,28603,22224,109879,6379,742,0.16823236414010279,0.7769814355137573,0.2765795925478825
full,inversion_B1,DOWN,66295,14470,12123,54172,2347,281,0.18286446941699977,0.8378023496890118,0.30020429641552654
full,inversion_B1,UP,65808,14133,10101,55707,4032,461,0.15349197665937273,0.7147102526002972,0.2527113746387961
full,B2_K3,micro,129036,28603,20818,108218,7785,545,0.1613348212901826,0.7278257525434395,0.2641224570061977
full,B2_K3,DOWN,64532,14470,12479,52053,1991,366,0.19337692927539826,0.8624049758120249,0.31591605275815804
full,B2_K3,UP,64504,14133,8339,56165,5794,179,0.12927880441523007,0.5900375008844548,0.2120884570876305
full,beat_periodic_2,micro,95738,28603,13967,81771,14636,7618,0.14588773527752824,0.48830542250812853,0.2246563884800669
full,beat_periodic_2,DOWN,95738,14470,13967,81771,503,7618,0.14588773527752824,0.9652384243261921,0.2534661730545877
full,beat_periodic_2,UP,0,14133,0,0,14133,0,0.0,0.0,0.0
full,beat_periodic_4,micro,47947,28603,9175,38772,19428,2897,0.19135712349052078,0.32077054854385906,0.23971260613977796
full,beat_periodic_4,DOWN,47947,14470,9175,38772,5295,2897,0.19135712349052078,0.6340704906703525,0.2939904192767996
full,beat_periodic_4,UP,0,14133,0,0,14133,0,0.0,0.0,0.0
