C,td,tu,cv_mean_micro,test_micro,test_DOWN,test_UP,test_n_pred,test_n_truth
1e-06,0.6,0.6,0.22323692007607182,0.3819902868377537,0.47955622039391677,0.3119758470311976,60525,16278
1e-05,0.75,0.7,0.2385351044807733,0.41583816525905354,0.5362318840579711,0.3378458474596363,53225,16278
0.0001,0.8,0.7,0.234538228684809,0.3699055521911119,0.5046071864707841,0.29794804886727555,61331,16278
0.001,0.85,0.75,0.2323010657421974,0.37821938244152337,0.5080671447196871,0.3096968393893786,54776,16278
0.01,0.85,0.8,0.24036235272102444,0.39574706559980066,0.5032544976753588,0.3284307520947777,47960,16278
0.1,0.85,0.8,0.24035471351341592,0.3938888975409199,0.5013365735115431,0.32676298676652915,47933,16278
1.0,0.85,0.8,0.24086003508745354,0.39299513897544563,0.5002028397565923,0.32614964334496893,47906,16278
10.0,0.85,0.8,0.24080822856985434,0.3927441599526251,0.4996144949884349,0.3261144563072408,47891,16278
100.0,0.85,0.8,0.24085510509200675,0.3926762758083366,0.49949288003570125,0.32606385670191773,47897,16278
