vary,threshold,micro_F1,DOWN_F1,UP_F1
DOWN,0.05,0.10696227288549806,0.07072451646628332,0.32614964334496893
DOWN,0.1,0.12839631749534514,0.08777963653744247,0.32614964334496893
DOWN,0.15,0.14887789273754184,0.10522250460955798,0.32614964334496893
DOWN,0.2,0.168212893383807,0.12278838319171224,0.32614964334496893
DOWN,0.25,0.18621246549360576,0.14019414568412647,0.32614964334496893
DOWN,0.3,0.2032141928241913,0.15760828766609117,0.32614964334496893
DOWN,0.35,0.2187338329416286,0.1743933508749948,0.32614964334496893
DOWN,0.4,0.23431873643712786,0.19223591324809605,0.32614964334496893
DOWN,0.45,0.2516254095689019,0.21338836110678505,0.32614964334496893
DOWN,0.5,0.2700371057513915,0.23754138224006094,0.32614964334496893
DOWN,0.55,0.28814254146960894,0.2632980042659435,0.32614964334496893
DOWN,0.6,0.3088571397623509,0.2959061890238126,0.32614964334496893
DOWN,0.65,0.3300067002856437,0.3333552934975954,0.32614964334496893
DOWN,0.7,0.35228028868301164,0.3790335111617548,0.32614964334496893
DOWN,0.75,0.37354753825912335,0.43090202320100396,0.32614964334496893
DOWN,0.8,0.3861621302648079,0.4701426498177055,0.32614964334496893
DOWN,0.85,0.39299513897544563,0.5002028397565923,0.32614964334496893
DOWN,0.9,0.3892058137804455,0.5082366423148547,0.32614964334496893
DOWN,0.95,0.3572018575965051,0.439344262295082,0.32614964334496893
UP,0.05,0.09049352161886737,0.5002028397565923,0.05498936562900986
UP,0.1,0.10011417281971074,0.5002028397565923,0.06140113287092102
UP,0.15,0.11276986030760547,0.5002028397565923,0.07001947223527831
UP,0.2,0.13138562705495535,0.5002028397565923,0.08309163346613546
UP,0.25,0.14720090934924696,0.5002028397565923,0.0945844620743034
UP,0.3,0.1622449334709929,0.5002028397565923,0.10586372127020223
UP,0.35,0.17386547988289627,0.5002028397565923,0.11481799563982295
UP,0.4,0.18652974126433716,0.5002028397565923,0.12482643045247785
UP,0.45,0.20588689911011993,0.5002028397565923,0.1406515542527268
UP,0.5,0.2267260326188333,0.5002028397565923,0.15839356127031107
UP,0.55,0.24780522480895684,0.5002028397565923,0.17701672545226987
UP,0.6,0.26998299732815156,0.5002028397565923,0.19748323219418715
UP,0.65,0.3124732201249351,0.5002028397565923,0.2402086326441377
UP,0.7,0.3514531480633175,0.5002028397565923,0.28347361785754016
UP,0.75,0.37479191438763376,0.5002028397565923,0.30878616419344507
UP,0.8,0.39299513897544563,0.5002028397565923,0.32614964334496893
UP,0.85,0.41978526199871524,0.5002028397565923,0.3533433886375063
UP,0.9,0.41783843396746617,0.5002028397565923,0.310268093673837
UP,0.95,0.3816666666666667,0.5002028397565923,0.09379310344827585
