C,fold,n_train,n_val,macro_f1,micro_f1,class_f1_NONE,class_f1_DOWN,class_f1_UP
0.1,1,323986,101270,0.23996782597972943,0.5328527698232448,0.6951061484208287,0.02479732951835956,0.0
0.1,2,344074,81182,0.28052148582795455,0.6576334655465498,0.793476392283487,0.038203582647083796,0.009884482553292842
0.1,3,344502,80754,0.256090460446273,0.6145577928028333,0.7612853687564787,0.0029451137884872825,0.004040898793852936
0.1,4,344830,80426,0.31665941509115597,0.7595802352473081,0.8657794269811253,0.04927408710954685,0.034924731182795696
0.1,5,343632,81624,0.2714265503117827,0.6232235616975399,0.7672256653299308,0.027837101406583697,0.019216884198833658
1.0,1,323986,101270,0.23995463858674512,0.5328132714525525,0.6950724974050506,0.024791418355184745,0.0
1.0,2,344074,81182,0.28013479359817794,0.656845113448794,0.7929110895087116,0.037487335359675786,0.010005955926146516
1.0,3,344502,80754,0.2562399240968052,0.6148426084156822,0.7614792295231734,0.0031135779071341544,0.004126964860108029
1.0,4,344830,80426,0.31728414965373075,0.7601894909606346,0.8661026379991725,0.050011213276519396,0.03573859768550034
1.0,5,343632,81624,0.2711882156192518,0.6224639811820053,0.7666448838163554,0.027694336581434536,0.01922542645996555
10.0,1,323986,101270,0.2399462254531294,0.5327836476745335,0.6950472580042035,0.024791418355184745,0.0
10.0,2,344074,81182,0.2802111457750209,0.6565494814121356,0.7926582998010501,0.03783738333473472,0.010137754189277834
10.0,3,344502,80754,0.25615831646367715,0.6146692423904698,0.7613556094714535,0.003093476798924008,0.004025863120653898
10.0,4,344830,80426,0.3179324416683587,0.760699276353418,0.8663714100287412,0.05114857983478556,0.03627733514154941
10.0,5,343632,81624,0.2712945783766781,0.6228192688424973,0.7669166077899583,0.02772887323943662,0.01923825410063942
