domain,true_class,pred_class,count
train,NONE,NONE,289412
train,NONE,DOWN,61468
train,NONE,UP,70310
train,DOWN,NONE,232
train,DOWN,DOWN,1453
train,DOWN,UP,209
train,UP,NONE,317
train,UP,DOWN,375
train,UP,UP,1480
val,NONE,NONE,33322
val,NONE,DOWN,1806
val,NONE,UP,10368
val,DOWN,NONE,1
val,DOWN,DOWN,16
val,DOWN,UP,37
val,UP,NONE,15
val,UP,DOWN,18
val,UP,UP,42
test,NONE,NONE,174372
test,NONE,DOWN,51084
test,NONE,UP,50290
test,DOWN,NONE,95
test,DOWN,DOWN,4446
test,DOWN,UP,1646
test,UP,NONE,730
test,UP,DOWN,1052
test,UP,UP,3769
full,NONE,NONE,497106
full,NONE,DOWN,114358
full,NONE,UP,130968
full,DOWN,NONE,328
full,DOWN,DOWN,5915
full,DOWN,UP,1892
full,UP,NONE,1062
full,UP,DOWN,1445
full,UP,UP,5291
