domain,class,precision,recall,f1,support
train,NONE,0.9981066419277075,0.6871293240580261,0.8139255938612193,421190
train,DOWN,0.022955637007077857,0.7671594508975713,0.044577389170118116,1894
train,UP,0.020555841053347963,0.6813996316758748,0.03990778066899462,2172
val,NONE,0.9995200671905933,0.7324160365746439,0.8453712865007484,45496
val,DOWN,0.008695652173913044,0.2962962962962963,0.01689545934530095,54
val,UP,0.004020292907054657,0.56,0.007983273141988215,75
test,NONE,0.9952910152571106,0.6323645673917301,0.7733660351751773,275746
test,DOWN,0.07857622565480188,0.7186035235170519,0.14166228552310853,6187
test,UP,0.06765999461448703,0.6789767609439741,0.12305733315920073,5551
full,NONE,0.9972116125304917,0.6695643506745399,0.8011842749941979,742432
full,DOWN,0.04859593486583743,0.7271051014136447,0.09110301648787475,8135
full,UP,0.038298673190928764,0.6785073095665555,0.07250477906666027,7798
