score,composer,title,group,fold,coordinate_ambiguous,evaluation_eligible,score_end,n_anchors,n_pedal_elements,n_raw_DOWN,n_raw_UP,n_change_pairs,n_truth_outside_canonical,n_ambiguous_anchors,n_supervised_anchors,n_label_NONE,n_label_DOWN,n_label_UP,n_label_CHANGE,n_supervised_NONE,n_supervised_DOWN,n_supervised_UP,n_supervised_CHANGE
Beethoven/Piano_Sonatas/11-2/xml_score.musicxml,Beethoven,Piano_Sonatas_11-2,Beethoven||Piano_Sonatas_11-2,train,False,True,346.5,1387,166,83,83,74,0,0,1387,1295,9,9,74,1295,9,9,74
Beethoven/Piano_Sonatas/21-3/xml_score.musicxml,Beethoven,Piano_Sonatas_21-3,Beethoven||Piano_Sonatas_21-3,val,False,True,1368.0,5473,7,0,7,0,0,0,5473,5466,0,7,0,5466,0,7,0
Beethoven/Piano_Sonatas/26-2/xml_score.musicxml,Beethoven,Piano_Sonatas_26-2,Beethoven||Piano_Sonatas_26-2,train,False,True,84.0,337,3,1,2,0,0,0,337,334,1,2,0,334,1,2,0
Beethoven/Piano_Sonatas/28-1/xml_score.musicxml,Beethoven,Piano_Sonatas_28-1,Beethoven||Piano_Sonatas_28-1,test,False,True,306.0,1225,2,0,2,0,0,0,1225,1223,0,2,0,1223,0,2,0
Beethoven/Piano_Sonatas/29-2/xml_score.musicxml,Beethoven,Piano_Sonatas_29-2,Beethoven||Piano_Sonatas_29-2,train,False,True,517.0,2069,4,2,2,0,0,0,2069,2065,2,2,0,2065,2,2,0
Beethoven/Piano_Sonatas/29-3/xml_score.musicxml,Beethoven,Piano_Sonatas_29-3,Beethoven||Piano_Sonatas_29-3,train,False,True,561.0,2245,6,1,5,0,0,0,2245,2239,1,5,0,2239,1,5,0
Beethoven/Piano_Sonatas/29-4/xml_score.musicxml,Beethoven,Piano_Sonatas_29-4,Beethoven||Piano_Sonatas_29-4,test,False,True,1237.375,4950,22,10,12,2,0,0,4950,4930,8,10,2,4930,8,10,2
Beethoven/Piano_Sonatas/31-2/xml_score.musicxml,Beethoven,Piano_Sonatas_31-2,Beethoven||Piano_Sonatas_31-2,train,True,False,324.25,1298,9,2,7,0,0,0,0,1289,2,7,0,0,0,0,0
Beethoven/Piano_Sonatas/31-2_no_repeat/xml_score.musicxml,Beethoven,Piano_Sonatas_31-2,Beethoven||Piano_Sonatas_31-2,train,True,False,320.25,1282,9,2,7,0,0,0,0,1273,2,7,0,0,0,0,0
Beethoven/Piano_Sonatas/32-1/xml_score.musicxml,Beethoven,Piano_Sonatas_32-1,Beethoven||Piano_Sonatas_32-1,train,True,False,637.125,2549,7,3,4,0,0,0,0,2542,3,4,0,0,0,0,0
Brahms/Six_Pieces_op_118/2/xml_score.musicxml,Brahms,Six_Pieces_op_118_2,Brahms||Six_Pieces_op_118_2,test,True,False,349.0,1397,2,1,1,0,0,0,0,1395,1,1,0,0,0,0,0
Chopin/Ballades/1/xml_score.musicxml,Chopin,Ballades_1,Chopin||Ballades_1,test,False,True,1456.0,5825,465,242,223,35,0,4,5821,5399,207,184,35,5399,203,184,35
Chopin/Ballades/3/xml_score.musicxml,Chopin,Ballades_3,Chopin||Ballades_3,train,False,True,723.0,2893,480,240,240,172,0,0,2893,2587,67,67,172,2587,67,67,172
Chopin/Barcarolle/xml_score.musicxml,Chopin,Barcarolle,Chopin||Barcarolle,train,False,True,697.095833,2789,455,246,209,143,0,0,2789,2477,103,66,143,2477,103,66,143
Chopin/Etudes_op_10/1/xml_score.musicxml,Chopin,Etudes_op_10_1,Chopin||Etudes_op_10_1,train,False,True,317.0,1269,5,1,4,0,0,0,1269,1264,1,4,0,1264,1,4,0
Chopin/Etudes_op_10/10/xml_score.musicxml,Chopin,Etudes_op_10_10,Chopin||Etudes_op_10_10,train,False,True,462.5,1851,286,143,143,138,0,0,1851,1703,5,5,138,1703,5,5,138
Chopin/Etudes_op_10/5/xml_score.musicxml,Chopin,Etudes_op_10_5,Chopin||Etudes_op_10_5,train,False,True,170.0,681,13,2,11,0,0,1,680,670,2,9,0,670,1,9,0
Chopin/Etudes_op_10/7/xml_score.musicxml,Chopin,Etudes_op_10_7,Chopin||Etudes_op_10_7,val,False,True,177.5,711,18,9,9,5,0,0,711,698,4,4,5,698,4,4,5
Chopin/Etudes_op_10/8/xml_score.musicxml,Chopin,Etudes_op_10_8,Chopin||Etudes_op_10_8,test,False,True,381.004167,1525,72,37,35,2,0,9,1516,1464,35,24,2,1464,26,24,2
Chopin/Etudes_op_25/1/xml_score.musicxml,Chopin,Etudes_op_25_1,Chopin||Etudes_op_25_1,train,False,True,197.375,790,182,96,86,76,0,0,790,684,20,10,76,684,20,10,76
Chopin/Etudes_op_25/12/xml_score.musicxml,Chopin,Etudes_op_25_12,Chopin||Etudes_op_25_12,train,False,True,336.5,1347,1,0,1,0,0,0,1347,1346,0,1,0,1346,0,1,0
Chopin/Etudes_op_25/8/xml_score.musicxml,Chopin,Etudes_op_25_8,Chopin||Etudes_op_25_8,val,False,True,144.0,577,96,48,48,43,0,0,577,524,5,5,43,524,5,5,43
Chopin/Scherzos/20/xml_score.musicxml,Chopin,Scherzos_20,Chopin||Scherzos_20,train,False,True,1875.0,7501,420,210,210,179,0,0,7501,7260,31,31,179,7260,31,31,179
Chopin/Scherzos/31/xml_score.musicxml,Chopin,Scherzos_31,Chopin||Scherzos_31,test,False,True,2344.0,9377,479,250,229,103,0,0,9377,9001,147,126,103,9001,147,126,103
Chopin/Scherzos/39/xml_score.musicxml,Chopin,Scherzos_39,Chopin||Scherzos_39,train,False,True,1947.0,7789,236,118,118,59,0,2,7787,7630,50,50,59,7630,50,50,57
Chopin/Sonata_2/1st_no_repeat/xml_score.musicxml,Chopin,Sonata_2_1st,Chopin||Sonata_2_1st,train,False,True,964.5,3859,1,0,1,0,0,0,3859,3858,0,1,0,3858,0,1,0
Chopin/Sonata_2/2nd/xml_score.musicxml,Chopin,Sonata_2_2nd,Chopin||Sonata_2_2nd,test,True,False,865.0,3461,1,0,1,0,0,0,0,3460,0,1,0,0,0,0,0
Chopin/Sonata_2/2nd_no_repeat/xml_score.musicxml,Chopin,Sonata_2_2nd,Chopin||Sonata_2_2nd,test,False,True,861.0,3445,1,0,1,0,0,0,3445,3444,0,1,0,3444,0,1,0
Chopin/Sonata_3/2nd/xml_score.musicxml,Chopin,Sonata_3_2nd,Chopin||Sonata_3_2nd,train,False,True,649.0,2597,42,0,42,0,0,0,2597,2555,0,42,0,2555,0,42,0
Chopin/Sonata_3/3rd/xml_score.musicxml,Chopin,Sonata_3_3rd,Chopin||Sonata_3_3rd,train,False,True,483.439583,1934,20,8,12,1,0,2,1932,1917,7,9,1,1917,5,9,1
Chopin/Sonata_3/4th/xml_score.musicxml,Chopin,Sonata_3_4th,Chopin||Sonata_3_4th,train,False,True,858.0,3433,14,0,14,0,0,0,3433,3419,0,14,0,3419,0,14,0
Debussy/Images_Book_1/1_Reflets_dans_lEau/xml_score.musicxml,Debussy,Images_Book_1_1_Reflets_dans_lEau,Debussy||Images_Book_1_1_Reflets_dans_lEau,val,False,True,189.366211,758,10,5,5,2,0,0,758,750,3,3,2,750,3,3,2
Liszt/Ballade_2/xml_score.musicxml,Liszt,Ballade_2,Liszt||Ballade_2,train,False,True,1395.020833,5581,34,17,17,13,0,0,5581,5560,4,4,13,5560,4,4,13
Liszt/Gran_Etudes_de_Paganini/2_La_campanella/xml_score.musicxml,Liszt,Gran_Etudes_de_Paganini_2_La_campanella,Liszt||Gran_Etudes_de_Paganini_2_La_campanella,train,False,True,435.0625,1741,14,7,7,1,0,0,1741,1728,6,6,1,1728,6,6,1
Liszt/Transcendental_Etudes/10/xml_score.musicxml,Liszt,Transcendental_Etudes_10,Liszt||Transcendental_Etudes_10,val,False,True,367.0,1469,10,5,5,4,0,0,1469,1463,1,1,4,1463,1,1,4
Liszt/Transcendental_Etudes/5/xml_score.musicxml,Liszt,Transcendental_Etudes_5,Liszt||Transcendental_Etudes_5,test,False,True,266.0,1065,10,5,5,2,0,0,1065,1057,3,3,2,1057,3,3,2
Ravel/Pavane/xml_score.musicxml,Ravel,Pavane,Ravel||Pavane,train,False,True,283.125,1133,4,2,2,1,0,0,1133,1130,1,1,1,1130,1,1,1
Schumann/Arabeske/xml_score.musicxml,Schumann,Arabeske,Schumann||Arabeske,test,True,False,478.25,1914,195,127,68,1,0,0,0,1720,126,67,1,0,0,0,0
Schumann/Kreisleriana/4/xml_score.musicxml,Schumann,Kreisleriana_4,Schumann||Kreisleriana_4,train,False,True,108.0,433,6,4,2,0,0,0,433,427,4,2,0,427,4,2,0
Schumann/Kreisleriana/6/xml_score.musicxml,Schumann,Kreisleriana_6,Schumann||Kreisleriana_6,train,False,True,180.5,723,12,11,1,0,0,0,723,711,11,1,0,711,11,1,0
Schumann/Kreisleriana/7/xml_score.musicxml,Schumann,Kreisleriana_7,Schumann||Kreisleriana_7,val,True,False,234.75,940,2,1,1,0,0,0,0,938,1,1,0,0,0,0,0
Scriabin/Etudes_op_8/11/xml_score.musicxml,Scriabin,Etudes_op_8_11,Scriabin||Etudes_op_8_11,train,False,True,162.0,649,2,1,1,0,0,0,649,647,1,1,0,647,1,1,0
Scriabin/Sonatas/5/xml_score.musicxml,Scriabin,Sonatas_5,Scriabin||Sonatas_5,train,False,True,2532.0,10129,17,10,7,2,0,0,10129,10114,8,5,2,10114,8,5,2
