relative_path,old_cc64,new_cc64,match,old_output_bytes,new_output_bytes
Beethoven/Piano_Sonatas/11-2/xml_score.musicxml,166,166,True,14648,14648
Beethoven/Piano_Sonatas/14-3/xml_score.musicxml,38,38,True,30351,30351
Beethoven/Piano_Sonatas/21-3/xml_score.musicxml,0,0,True,42952,42952
Beethoven/Piano_Sonatas/24-2/xml_score.musicxml,0,0,True,11880,11880
Beethoven/Piano_Sonatas/26-2/xml_score.musicxml,2,2,True,5431,5431
Beethoven/Piano_Sonatas/28-1/xml_score.musicxml,0,0,True,8712,8712
Beethoven/Piano_Sonatas/29-2/xml_score.musicxml,4,4,True,12780,12780
Beethoven/Piano_Sonatas/29-3/xml_score.musicxml,2,2,True,32730,32730
Beethoven/Piano_Sonatas/29-4/xml_score.musicxml,14,14,True,58645,58645
Beethoven/Piano_Sonatas/30-1/xml_score.musicxml,12,12,True,10509,10509
Beethoven/Piano_Sonatas/31-2/xml_score.musicxml,4,4,True,9475,9475
Beethoven/Piano_Sonatas/31-2_no_repeat/xml_score.musicxml,4,4,True,8196,8196
Beethoven/Piano_Sonatas/31-3_4/xml_score.musicxml,4,4,True,24834,24834
Beethoven/Piano_Sonatas/32-1/xml_score.musicxml,6,6,True,34792,34792
Beethoven/Piano_Sonatas/32-1_no_repeat/xml_score.musicxml,6,6,True,26116,26116
Brahms/Six_Pieces_op_118/2/xml_score.musicxml,2,2,True,12149,12149
Chopin/Ballades/1/xml_score.musicxml,432,432,True,37438,37438
Chopin/Ballades/3/xml_score.musicxml,478,478,True,31037,31037
Chopin/Barcarolle/xml_score.musicxml,388,388,True,31199,31199
Chopin/Etudes_op_10/1/xml_score.musicxml,2,2,True,8279,8279
Chopin/Etudes_op_10/10/xml_score.musicxml,286,286,True,16653,16653
Chopin/Etudes_op_10/5/xml_score.musicxml,4,4,True,10114,10114
Chopin/Etudes_op_10/7/xml_score.musicxml,18,18,True,11264,11264
Chopin/Etudes_op_10/8/xml_score.musicxml,68,68,True,14551,14551
Chopin/Etudes_op_25/1/xml_score.musicxml,152,152,True,2938,2938
Chopin/Etudes_op_25/12/xml_score.musicxml,0,0,True,16313,16313
Chopin/Etudes_op_25/5/xml_score.musicxml,116,116,True,14403,14403
Chopin/Etudes_op_25/8/xml_score.musicxml,96,96,True,10590,10590
Chopin/Scherzos/20/xml_score.musicxml,420,420,True,35210,35210
Chopin/Scherzos/31/xml_score.musicxml,456,456,True,43431,43431
Chopin/Scherzos/39/xml_score.musicxml,224,224,True,36499,36499
Chopin/Sonata_2/1st_no_repeat/xml_score.musicxml,0,0,True,26526,26526
Chopin/Sonata_2/2nd/xml_score.musicxml,0,0,True,30205,30205
Chopin/Sonata_2/2nd_no_repeat/xml_score.musicxml,0,0,True,27300,27300
Chopin/Sonata_3/2nd/xml_score.musicxml,0,0,True,10224,10224
Chopin/Sonata_3/3rd/xml_score.musicxml,12,12,True,14305,14305
Chopin/Sonata_3/4th/xml_score.musicxml,0,0,True,31950,31950
Debussy/Images_Book_1/1_Reflets_dans_lEau/xml_score.musicxml,10,10,True,13108,13108
Liszt/Annees_de_pelerinage_2/1_Gondoliera/xml_score.musicxml,60,60,True,11745,11745
Liszt/Ballade_2/xml_score.musicxml,34,34,True,47048,47048
Liszt/Concert_Etude_S145/1/xml_score.musicxml,314,314,True,22678,22678
Liszt/Concert_Etude_S145/2/xml_score.musicxml,420,420,True,22791,22791
Liszt/Gran_Etudes_de_Paganini/2_La_campanella/xml_score.musicxml,14,14,True,26486,26486
Liszt/Hungarian_Rhapsodies/6/xml_score.musicxml,356,356,True,30493,30493
Liszt/Hungarian_Rhapsodies/6_no_repeat/xml_score.musicxml,356,356,True,30493,30493
Liszt/Mephisto_Waltz/xml_score.musicxml,586,586,True,65871,65871
Liszt/Sonata/xml_score.musicxml,502,502,True,105162,105162
Liszt/Transcendental_Etudes/1/xml_score.musicxml,22,22,True,4514,4514
Liszt/Transcendental_Etudes/10/xml_score.musicxml,10,10,True,25587,25587
Liszt/Transcendental_Etudes/11/xml_score.musicxml,16,16,True,32818,32818
Liszt/Transcendental_Etudes/4/xml_score.musicxml,426,426,True,44084,44084
Liszt/Transcendental_Etudes/5/xml_score.musicxml,10,10,True,26991,26991
Liszt/Transcendental_Etudes/9/xml_score.musicxml,102,102,True,27958,27958
Prokofiev/Toccata/xml_score.musicxml,0,0,True,28633,28633
Rachmaninoff/Preludes_op_32/10/xml_score.musicxml,48,48,True,17089,17089
Ravel/Gaspard_de_la_Nuit/1_Ondine/xml_score.musicxml,6,6,True,31175,31175
Ravel/Miroirs/3_Une_Barque/xml_score.musicxml,276,276,True,30324,30324
Ravel/Miroirs/4_Alborada_del_gracioso/xml_score.musicxml,20,20,True,27293,27293
Ravel/Pavane/xml_score.musicxml,4,4,True,12240,12240
Schubert/Impromptu_op.90_D.899/3/xml_score.musicxml,0,0,True,19193,19193
Schumann/Arabeske/xml_score.musicxml,136,136,True,19807,19807
Schumann/Kreisleriana/3/xml_score.musicxml,0,0,True,13882,13882
Schumann/Kreisleriana/3_no_repeat/xml_score.musicxml,0,0,True,11616,11616
Schumann/Kreisleriana/4/xml_score.musicxml,4,4,True,4477,4477
Schumann/Kreisleriana/6/xml_score.musicxml,2,2,True,4756,4756
Schumann/Kreisleriana/7/xml_score.musicxml,2,2,True,9755,9755
Scriabin/Etudes_op_8/11/xml_score.musicxml,2,2,True,9055,9055
Scriabin/Sonatas/5/xml_score.musicxml,14,14,True,49224,49224
Bach/Fugue/bwv_846/xml_score.musicxml,0,0,True,4822,4822
Bach/Fugue/bwv_848/xml_score.musicxml,0,0,True,8969,8969
Bach/Fugue/bwv_854/xml_score.musicxml,0,0,True,4697,4697
