relative_path,S,T,m,I,C,odd_C,inverted,unclosed,orphan_stop,shortfall_pairs,unexplained,residual_old_SUPERSEDED,pairs_R1_global_stack,unexplained_R1_global_stack,Cpred_R1_global_stack,pairs_R2_per_staff_stack,unexplained_R2_per_staff_stack,Cpred_R2_per_staff_stack,pairs_R3_greedy_nearest,unexplained_R3_greedy_nearest,Cpred_R3_greedy_nearest
Beethoven/Piano_Sonatas/11-2/xml_score.musicxml,83,83,83,166,166,False,0,0,0,0.0,0.0,0,83,0,166,83,0,166,83,0,166
Beethoven/Piano_Sonatas/14-3/xml_score.musicxml,19,19,19,38,38,False,2,0,0,0.0,-2.0,-4,18,-1,36,18,-1,36,18,-1,36
Beethoven/Piano_Sonatas/21-3/xml_score.musicxml,0,7,0,0,0,False,7,0,7,0.0,-7.0,-28,0,-7,0,0,-7,0,0,-7,0
Beethoven/Piano_Sonatas/24-2/xml_score.musicxml,0,2,0,0,0,False,2,0,2,0.0,-2.0,-8,0,-2,0,0,-2,0,0,-2,0
Beethoven/Piano_Sonatas/26-2/xml_score.musicxml,1,2,1,2,2,False,2,0,1,0.0,-2.0,-6,1,-2,2,1,-2,2,1,-2,2
Beethoven/Piano_Sonatas/28-1/xml_score.musicxml,0,2,0,0,0,False,2,0,2,0.0,-2.0,-8,0,-2,0,0,-2,0,0,-2,0
Beethoven/Piano_Sonatas/29-2/xml_score.musicxml,2,2,2,4,4,False,1,0,0,0.0,-1.0,-2,1,0,2,1,0,2,1,0,2
Beethoven/Piano_Sonatas/29-3/xml_score.musicxml,1,5,1,2,2,False,5,0,4,0.0,-5.0,-18,1,-5,2,1,-5,2,1,-5,2
Beethoven/Piano_Sonatas/29-4/xml_score.musicxml,10,12,10,20,14,False,5,0,2,3.0,-2.0,-8,9,-4,18,9,-4,18,9,-4,18
Beethoven/Piano_Sonatas/30-1/xml_score.musicxml,6,6,6,12,12,False,0,0,0,0.0,0.0,0,6,0,12,6,0,12,6,0,12
Beethoven/Piano_Sonatas/31-2/xml_score.musicxml,2,7,2,4,4,False,7,0,5,0.0,-7.0,-24,2,-7,4,2,-7,4,2,-7,4
Beethoven/Piano_Sonatas/31-2_no_repeat/xml_score.musicxml,2,7,2,4,4,False,7,0,5,0.0,-7.0,-24,2,-7,4,2,-7,4,2,-7,4
Beethoven/Piano_Sonatas/31-3_4/xml_score.musicxml,2,3,2,4,4,False,1,0,1,0.0,-1.0,-4,2,-1,4,2,-1,4,2,-1,4
Beethoven/Piano_Sonatas/32-1/xml_score.musicxml,3,4,3,6,6,False,1,0,1,0.0,-1.0,-4,3,-1,6,3,-1,6,3,-1,6
Beethoven/Piano_Sonatas/32-1_no_repeat/xml_score.musicxml,3,4,3,6,6,False,1,0,1,0.0,-1.0,-4,3,-1,6,3,-1,6,3,-1,6
Brahms/Six_Pieces_op_118/2/xml_score.musicxml,1,1,1,2,2,False,0,0,0,0.0,0.0,0,1,0,2,1,0,2,1,0,2
Chopin/Ballades/1/xml_score.musicxml,242,223,223,446,432,False,2,19,0,7.0,5.0,-28,222,-1,444,222,-1,444,222,-1,444
Chopin/Ballades/3/xml_score.musicxml,240,240,240,480,478,False,0,0,0,1.0,1.0,2,240,0,480,240,0,480,240,0,480
Chopin/Barcarolle/xml_score.musicxml,246,209,209,418,388,False,19,37,0,15.0,-4.0,-82,206,-16,412,206,-16,412,206,-16,412
Chopin/Etudes_op_10/1/xml_score.musicxml,1,4,1,2,2,False,4,0,3,0.0,-4.0,-14,1,-4,2,1,-4,2,1,-4,2
Chopin/Etudes_op_10/10/xml_score.musicxml,143,143,143,286,286,False,0,0,0,0.0,0.0,0,143,0,286,143,0,286,143,0,286
Chopin/Etudes_op_10/5/xml_score.musicxml,2,11,2,4,4,False,11,0,9,0.0,-11.0,-40,1,-10,2,1,-10,2,1,-10,2
Chopin/Etudes_op_10/7/xml_score.musicxml,9,9,9,18,18,False,0,0,0,0.0,0.0,0,9,0,18,9,0,18,9,0,18
Chopin/Etudes_op_10/8/xml_score.musicxml,37,35,35,70,68,False,1,2,0,1.0,0.0,-4,34,0,68,34,0,68,34,0,68
Chopin/Etudes_op_25/1/xml_score.musicxml,96,86,86,172,152,False,32,10,0,10.0,-22.0,-64,81,-27,162,81,-27,162,81,-27,162
Chopin/Etudes_op_25/12/xml_score.musicxml,0,1,0,0,0,False,1,0,1,0.0,-1.0,-4,0,-1,0,0,-1,0,0,-1,0
Chopin/Etudes_op_25/5/xml_score.musicxml,61,58,58,116,116,False,5,3,0,0.0,-5.0,-16,57,-4,114,57,-4,114,57,-4,114
Chopin/Etudes_op_25/8/xml_score.musicxml,48,48,48,96,96,False,0,0,0,0.0,0.0,0,48,0,96,48,0,96,48,0,96
Chopin/Scherzos/20/xml_score.musicxml,210,210,210,420,420,False,0,0,0,0.0,0.0,0,210,0,420,210,0,420,210,0,420
Chopin/Scherzos/31/xml_score.musicxml,250,229,229,458,456,False,0,21,0,1.0,1.0,-40,229,0,458,229,0,458,229,0,458
Chopin/Scherzos/39/xml_score.musicxml,118,118,118,236,224,False,0,0,0,6.0,6.0,12,118,0,236,118,0,236,118,0,236
Chopin/Sonata_2/1st_no_repeat/xml_score.musicxml,0,1,0,0,0,False,1,0,1,0.0,-1.0,-4,0,-1,0,0,-1,0,0,-1,0
Chopin/Sonata_2/2nd/xml_score.musicxml,0,1,0,0,0,False,1,0,1,0.0,-1.0,-4,0,-1,0,0,-1,0,0,-1,0
Chopin/Sonata_2/2nd_no_repeat/xml_score.musicxml,0,1,0,0,0,False,1,0,1,0.0,-1.0,-4,0,-1,0,0,-1,0,0,-1,0
Chopin/Sonata_3/2nd/xml_score.musicxml,0,42,0,0,0,False,42,0,42,0.0,-42.0,-168,0,-42,0,0,-42,0,0,-42,0
Chopin/Sonata_3/3rd/xml_score.musicxml,8,12,8,16,12,False,12,0,4,2.0,-10.0,-28,5,-9,10,5,-9,10,5,-9,10
Chopin/Sonata_3/4th/xml_score.musicxml,0,14,0,0,0,False,14,0,14,0.0,-14.0,-56,0,-14,0,0,-14,0,0,-14,0
Debussy/Images_Book_1/1_Reflets_dans_lEau/xml_score.musicxml,5,5,5,10,10,False,0,0,0,0.0,0.0,0,5,0,10,5,0,10,5,0,10
Liszt/Annees_de_pelerinage_2/1_Gondoliera/xml_score.musicxml,30,30,30,60,60,False,0,0,0,0.0,0.0,0,30,0,60,30,0,60,30,0,60
Liszt/Ballade_2/xml_score.musicxml,17,17,17,34,34,False,0,0,0,0.0,0.0,0,17,0,34,17,0,34,17,0,34
Liszt/Concert_Etude_S145/1/xml_score.musicxml,158,157,157,314,314,False,0,1,0,0.0,0.0,-2,157,0,314,157,0,314,157,0,314
Liszt/Concert_Etude_S145/2/xml_score.musicxml,210,210,210,420,420,False,0,0,0,0.0,0.0,0,210,0,420,210,0,420,210,0,420
Liszt/Gran_Etudes_de_Paganini/2_La_campanella/xml_score.musicxml,7,7,7,14,14,False,0,0,0,0.0,0.0,0,7,0,14,7,0,14,7,0,14
Liszt/Hungarian_Rhapsodies/6/xml_score.musicxml,181,181,181,362,356,False,4,0,0,3.0,-1.0,-2,179,-2,358,179,-2,358,179,-2,358
Liszt/Hungarian_Rhapsodies/6_no_repeat/xml_score.musicxml,181,181,181,362,356,False,4,0,0,3.0,-1.0,-2,179,-2,358,179,-2,358,179,-2,358
Liszt/Mephisto_Waltz/xml_score.musicxml,392,293,293,586,586,False,0,99,0,0.0,0.0,-198,293,0,586,293,0,586,293,0,586
Liszt/Sonata/xml_score.musicxml,256,263,256,512,502,False,189,0,7,5.0,-184.0,-382,256,-189,512,256,-189,512,256,-189,512
Liszt/Transcendental_Etudes/1/xml_score.musicxml,11,11,11,22,22,False,0,0,0,0.0,0.0,0,11,0,22,11,0,22,11,0,22
Liszt/Transcendental_Etudes/10/xml_score.musicxml,5,5,5,10,10,False,0,0,0,0.0,0.0,0,5,0,10,5,0,10,5,0,10
Liszt/Transcendental_Etudes/11/xml_score.musicxml,8,8,8,16,16,False,0,0,0,0.0,0.0,0,8,0,16,8,0,16,8,0,16
Liszt/Transcendental_Etudes/4/xml_score.musicxml,213,213,213,426,426,False,11,0,0,0.0,-11.0,-22,212,-10,424,212,-10,424,212,-10,424
Liszt/Transcendental_Etudes/5/xml_score.musicxml,5,5,5,10,10,False,0,0,0,0.0,0.0,0,5,0,10,5,0,10,5,0,10
Liszt/Transcendental_Etudes/9/xml_score.musicxml,51,51,51,102,102,False,1,0,0,0.0,-1.0,-2,50,0,100,50,0,100,50,0,100
Prokofiev/Toccata/xml_score.musicxml,1,0,0,0,0,False,0,1,0,0.0,0.0,-2,0,0,0,0,0,0,0,0,0
Rachmaninoff/Preludes_op_32/10/xml_score.musicxml,24,24,24,48,48,False,0,0,0,0.0,0.0,0,24,0,48,24,0,48,24,0,48
Ravel/Gaspard_de_la_Nuit/1_Ondine/xml_score.musicxml,3,3,3,6,6,False,0,0,0,0.0,0.0,0,3,0,6,3,0,6,3,0,6
Ravel/Miroirs/3_Une_Barque/xml_score.musicxml,139,140,139,278,276,False,114,0,1,1.0,-113.0,-228,138,-113,276,138,-113,276,138,-113,276
Ravel/Miroirs/4_Alborada_del_gracioso/xml_score.musicxml,10,10,10,20,20,False,0,0,0,0.0,0.0,0,10,0,20,10,0,20,10,0,20
Ravel/Pavane/xml_score.musicxml,2,2,2,4,4,False,0,0,0,0.0,0.0,0,2,0,4,2,0,4,2,0,4
Schubert/Impromptu_op.90_D.899/3/xml_score.musicxml,1,0,0,0,0,False,0,1,0,0.0,0.0,-2,0,0,0,0,0,0,0,0,0
Schumann/Arabeske/xml_score.musicxml,127,68,68,136,136,False,0,59,0,0.0,0.0,-118,68,0,136,68,0,136,68,0,136
Schumann/Kreisleriana/3/xml_score.musicxml,0,1,0,0,0,False,1,0,1,0.0,-1.0,-4,0,-1,0,0,-1,0,0,-1,0
Schumann/Kreisleriana/3_no_repeat/xml_score.musicxml,0,1,0,0,0,False,1,0,1,0.0,-1.0,-4,0,-1,0,0,-1,0,0,-1,0
Schumann/Kreisleriana/4/xml_score.musicxml,4,2,2,4,4,False,0,2,0,0.0,0.0,-4,2,0,4,2,0,4,2,0,4
Schumann/Kreisleriana/6/xml_score.musicxml,11,1,1,2,2,False,0,10,0,0.0,0.0,-20,1,0,2,1,0,2,1,0,2
Schumann/Kreisleriana/7/xml_score.musicxml,1,1,1,2,2,False,0,0,0,0.0,0.0,0,1,0,2,1,0,2,1,0,2
Scriabin/Etudes_op_8/11/xml_score.musicxml,1,1,1,2,2,False,0,0,0,0.0,0.0,0,1,0,2,1,0,2,1,0,2
Scriabin/Sonatas/5/xml_score.musicxml,10,7,7,14,14,False,0,3,0,0.0,0.0,-6,7,0,14,7,0,14,7,0,14
