tier,relative_path,pedal_start,pedal_stop,unclosed_start,orphan_stop,inverted_pairs,C,I,g,gap_pct,explanatory_residual,cc64_over_identity,exit_code,output_bytes,output_sha256,source_xml_sha256
coordinate_ambiguous,Beethoven/Piano_Sonatas/31-2/xml_score.musicxml,2,7,0,5,7,4,,,,,,0,9475,e48b1bcddaa7c1645a55cf3714f8368f71455075d7f8566b245dd55f9bed1e5f,62d423a44d5af4cd229b6e9529227eafa89eb4eec38e13b341fafa978f5b4f60
coordinate_ambiguous,Beethoven/Piano_Sonatas/31-2_no_repeat/xml_score.musicxml,2,7,0,5,7,4,,,,,,0,8196,69303bc695d8d45fd943f14e109851c32438f4f0c99d303eff8d95f96dca7746,7ff352d4839c7514ad50b1dfcf40d68f4f72410ecb7dad54374a5ba6648e6a05
coordinate_ambiguous,Beethoven/Piano_Sonatas/32-1/xml_score.musicxml,3,4,0,1,1,6,,,,,,0,34792,dc6eeab9eecbc8423f24fc60bbeed50ffc9d31afff0ad340ff1a4a0bd698aae7,2e908b0954e2d0db9e6a98a69fb08a75328c74659c06e6a9239c586eb3c939e5
coordinate_ambiguous,Brahms/Six_Pieces_op_118/2/xml_score.musicxml,1,1,0,0,0,2,,,,,,0,12149,7e899e14410474d003f515a497a43fe34d70d922626421a24e4e19876e8810fd,37b60b1b01ad353fe733ffc98ceaa37167c9e6a36e817cc9da2a1cf03ad05224
coordinate_ambiguous,Chopin/Sonata_2/2nd/xml_score.musicxml,0,1,0,1,1,0,,,,,,0,30205,4b2dc5443104e11d109ac891325b39323a03a89522b574adeba4be9c69762682,427f060b99fc97542ab340a402ecb7d9ee8b1703281344d5d042d8a35870cd0c
coordinate_ambiguous,Liszt/Hungarian_Rhapsodies/6/xml_score.musicxml,181,181,0,0,4,356,,,,,,0,30493,3c46ef4d9d9f7c57b60780187ea350cb1fa54bdf67a59ca5a7bb0303bf8370a2,e17362f40d176b20c485b6f5f66785e1372dd6af6578432f89f8762807910f66
coordinate_ambiguous,Schumann/Arabeske/xml_score.musicxml,127,68,59,0,0,136,,,,,,0,19807,e2a6edc395f1049e293c805ae66055cf654feb370be08174e780fd3c9bf2d2bc,a63dbda18f86afad6b1f74105ef816da79bd986c5d80d7a1ccac26df9fa407be
coordinate_ambiguous,Schumann/Kreisleriana/3/xml_score.musicxml,0,1,0,1,1,0,,,,,,0,13882,f7da86d98fed69c715f5ca15e4ada60f9669de446d374d0aaa12307791bc17d2,e8dfb7486f8b4eb9dc08a361a61bc75e7ab0c99cc988b631d941110261ba3006
coordinate_ambiguous,Schumann/Kreisleriana/3_no_repeat/xml_score.musicxml,0,1,0,1,1,0,,,,,,0,11616,170288aa9af68f152b519a66f920ed43848f41f948a69e39e30379e98a68fbb9,a6296fd0810d8e12d4d5684e351752d620173206194c605994af8c160c6f5cc2
coordinate_ambiguous,Schumann/Kreisleriana/7/xml_score.musicxml,1,1,0,0,0,2,,,,,,0,9755,8638144b273e8e776727c1f138b5a040cfe091fc5909ba6e8a8a7684006d1dba,4aec388b455fb8ae537b501a9f747b92d29bfe0db3b7b0e6153db0cd3974de32
