tier,t1_t3_overlap,relative_path,pedal_elements,pedal_start,pedal_stop,unclosed_start,orphan_stop,inverted_pairs_PROVISIONAL,cc64_messages,cc64_over_identity,gap_pct,exit_code,output_exists
OK,False,Beethoven/Piano_Sonatas/11-2/xml_score.musicxml,166,83,83,0,0,82,166,1.0,0.0,0,True
OK,False,Beethoven/Piano_Sonatas/14-3/xml_score.musicxml,38,19,19,1,1,16,38,1.0,0.0,0,True
T3,False,Beethoven/Piano_Sonatas/21-3/xml_score.musicxml,7,0,7,0,7,0,0,,,0,True
T3,False,Beethoven/Piano_Sonatas/24-2/xml_score.musicxml,2,0,2,0,2,0,0,,,0,True
OK,False,Beethoven/Piano_Sonatas/26-2/xml_score.musicxml,3,1,2,0,1,1,2,1.0,0.0,0,True
T3,False,Beethoven/Piano_Sonatas/28-1/xml_score.musicxml,2,0,2,0,2,0,0,,,0,True
OK,False,Beethoven/Piano_Sonatas/29-2/xml_score.musicxml,4,2,2,1,1,1,4,1.0,0.0,0,True
OK,False,Beethoven/Piano_Sonatas/29-3/xml_score.musicxml,6,1,5,0,4,1,2,1.0,0.0,0,True
T2b,False,Beethoven/Piano_Sonatas/29-4/xml_score.musicxml,22,10,12,1,3,5,14,0.7,30.0,0,True
OK,False,Beethoven/Piano_Sonatas/30-1/xml_score.musicxml,12,6,6,0,0,5,12,1.0,0.0,0,True
OK,False,Beethoven/Piano_Sonatas/31-2/xml_score.musicxml,9,2,7,0,5,2,4,1.0,0.0,0,True
OK,False,Beethoven/Piano_Sonatas/31-2_no_repeat/xml_score.musicxml,9,2,7,0,5,2,4,1.0,0.0,0,True
OK,False,Beethoven/Piano_Sonatas/31-3_4/xml_score.musicxml,5,2,3,0,1,1,4,1.0,0.0,0,True
OK,False,Beethoven/Piano_Sonatas/32-1/xml_score.musicxml,7,3,4,0,1,2,6,1.0,0.0,0,True
OK,False,Beethoven/Piano_Sonatas/32-1_no_repeat/xml_score.musicxml,7,3,4,0,1,2,6,1.0,0.0,0,True
OK,False,Brahms/Six_Pieces_op_118/2/xml_score.musicxml,2,1,1,0,0,0,2,1.0,0.0,0,True
T2,False,Chopin/Ballades/1/xml_score.musicxml,465,242,223,20,1,184,432,0.9686,3.14,0,True
T2,False,Chopin/Ballades/3/xml_score.musicxml,480,240,240,0,0,238,478,0.9958,0.42,0,True
T2,False,Chopin/Barcarolle/xml_score.musicxml,455,246,209,40,3,162,388,0.9282,7.18,0,True
OK,False,Chopin/Etudes_op_10/1/xml_score.musicxml,5,1,4,0,3,1,2,1.0,0.0,0,True
OK,False,Chopin/Etudes_op_10/10/xml_score.musicxml,286,143,143,0,0,142,286,1.0,0.0,0,True
OK,False,Chopin/Etudes_op_10/5/xml_score.musicxml,13,2,11,1,10,2,4,1.0,0.0,0,True
OK,False,Chopin/Etudes_op_10/7/xml_score.musicxml,18,9,9,0,0,8,18,1.0,0.0,0,True
T2,False,Chopin/Etudes_op_10/8/xml_score.musicxml,72,37,35,3,1,28,68,0.9714,2.86,0,True
T2b,False,Chopin/Etudes_op_25/1/xml_score.musicxml,182,96,86,15,5,68,152,0.8837,11.63,0,True
T3,False,Chopin/Etudes_op_25/12/xml_score.musicxml,1,0,1,0,1,0,0,,,0,True
OK,False,Chopin/Etudes_op_25/5/xml_score.musicxml,119,61,58,4,1,52,116,1.0,0.0,0,True
OK,False,Chopin/Etudes_op_25/8/xml_score.musicxml,96,48,48,0,0,47,96,1.0,0.0,0,True
OK,False,Chopin/Scherzos/20/xml_score.musicxml,420,210,210,0,0,209,420,1.0,0.0,0,True
T2,False,Chopin/Scherzos/31/xml_score.musicxml,479,250,229,21,0,222,456,0.9956,0.44,0,True
T2,False,Chopin/Scherzos/39/xml_score.musicxml,236,118,118,0,0,107,224,0.9492,5.08,0,True
T3,False,Chopin/Sonata_2/1st_no_repeat/xml_score.musicxml,1,0,1,0,1,0,0,,,0,True
T3,False,Chopin/Sonata_2/2nd/xml_score.musicxml,1,0,1,0,1,0,0,,,0,True
T3,False,Chopin/Sonata_2/2nd_no_repeat/xml_score.musicxml,1,0,1,0,1,0,0,,,0,True
T3,False,Chopin/Sonata_3/2nd/xml_score.musicxml,42,0,42,0,42,0,0,,,0,True
T2b,False,Chopin/Sonata_3/3rd/xml_score.musicxml,20,8,12,3,7,4,12,0.75,25.0,3221225477,True
T3,False,Chopin/Sonata_3/4th/xml_score.musicxml,14,0,14,0,14,0,0,,,0,True
OK,False,Debussy/Images_Book_1/1_Reflets_dans_lEau/xml_score.musicxml,10,5,5,0,0,4,10,1.0,0.0,0,True
OK,False,Liszt/Annees_de_pelerinage_2/1_Gondoliera/xml_score.musicxml,60,30,30,0,0,29,60,1.0,0.0,0,True
OK,False,Liszt/Ballade_2/xml_score.musicxml,34,17,17,0,0,16,34,1.0,0.0,0,True
OK,False,Liszt/Concert_Etude_S145/1/xml_score.musicxml,315,158,157,1,0,156,314,1.0,0.0,0,True
OK,False,Liszt/Concert_Etude_S145/2/xml_score.musicxml,420,210,210,0,0,209,420,1.0,0.0,0,True
OK,False,Liszt/Gran_Etudes_de_Paganini/2_La_campanella/xml_score.musicxml,14,7,7,0,0,6,14,1.0,0.0,0,True
T2,False,Liszt/Hungarian_Rhapsodies/6/xml_score.musicxml,362,181,181,2,2,171,356,0.9834,1.66,0,True
T2,False,Liszt/Hungarian_Rhapsodies/6_no_repeat/xml_score.musicxml,362,181,181,2,2,171,356,0.9834,1.66,0,True
OK,False,Liszt/Mephisto_Waltz/xml_score.musicxml,685,392,293,99,0,274,586,1.0,0.0,0,True
T2,False,Liszt/Sonata/xml_score.musicxml,519,256,263,0,7,246,502,0.9805,1.95,0,True
OK,False,Liszt/Transcendental_Etudes/1/xml_score.musicxml,22,11,11,0,0,10,22,1.0,0.0,0,True
OK,False,Liszt/Transcendental_Etudes/10/xml_score.musicxml,10,5,5,0,0,4,10,1.0,0.0,0,True
OK,False,Liszt/Transcendental_Etudes/11/xml_score.musicxml,16,8,8,0,0,7,16,1.0,0.0,0,True
OK,False,Liszt/Transcendental_Etudes/4/xml_score.musicxml,426,213,213,1,1,201,426,1.0,0.0,0,True
OK,False,Liszt/Transcendental_Etudes/5/xml_score.musicxml,10,5,5,0,0,4,10,1.0,0.0,0,True
OK,False,Liszt/Transcendental_Etudes/9/xml_score.musicxml,102,51,51,1,1,49,102,1.0,0.0,0,True
T1,True,Prokofiev/Toccata/xml_score.musicxml,1,1,0,1,0,0,0,,,0,True
OK,False,Rachmaninoff/Preludes_op_32/10/xml_score.musicxml,48,24,24,0,0,23,48,1.0,0.0,0,True
OK,False,Ravel/Gaspard_de_la_Nuit/1_Ondine/xml_score.musicxml,6,3,3,0,0,2,6,1.0,0.0,0,True
T2,False,Ravel/Miroirs/3_Une_Barque/xml_score.musicxml,279,139,140,1,2,132,276,0.9928,0.72,0,True
OK,False,Ravel/Miroirs/4_Alborada_del_gracioso/xml_score.musicxml,20,10,10,0,0,9,20,1.0,0.0,0,True
OK,False,Ravel/Pavane/xml_score.musicxml,4,2,2,0,0,1,4,1.0,0.0,0,True
T1,True,Schubert/Impromptu_op.90_D.899/3/xml_score.musicxml,1,1,0,1,0,0,0,,,0,True
OK,False,Schumann/Arabeske/xml_score.musicxml,195,127,68,59,0,60,136,1.0,0.0,0,True
T3,False,Schumann/Kreisleriana/3/xml_score.musicxml,1,0,1,0,1,0,0,,,0,True
T3,False,Schumann/Kreisleriana/3_no_repeat/xml_score.musicxml,1,0,1,0,1,0,0,,,0,True
OK,False,Schumann/Kreisleriana/4/xml_score.musicxml,6,4,2,2,0,1,4,1.0,0.0,0,True
OK,False,Schumann/Kreisleriana/6/xml_score.musicxml,12,11,1,10,0,0,2,1.0,0.0,0,True
OK,False,Schumann/Kreisleriana/7/xml_score.musicxml,2,1,1,0,0,0,2,1.0,0.0,0,True
OK,False,Scriabin/Etudes_op_8/11/xml_score.musicxml,2,1,1,0,0,0,2,1.0,0.0,0,True
OK,False,Scriabin/Sonatas/5/xml_score.musicxml,17,10,7,3,0,6,14,1.0,0.0,0,True
