domain,method,tol,scope,n_pred,n_truth,tp,fp,fn,wrong,P,R,F1
test,inversion_B1,0.0,micro,44688,16278,1693,42995,14585,0,0.037884890798424636,0.10400540606954171,0.05553915297050816
test,inversion_B1,0.0,DOWN,22443,8457,1052,21391,7405,0,0.046874303791828185,0.12439399314177604,0.06809061488673138
test,inversion_B1,0.0,UP,22245,7821,641,21604,7180,0,0.028815464149247023,0.08195882879427183,0.04263952637530766
test,inversion_B1,1.0,micro,44688,16278,11997,32691,4281,597,0.26846133190118154,0.7370070033173609,0.3935636256273989
test,inversion_B1,1.0,DOWN,22443,8457,6917,15526,1540,195,0.3082030031635699,0.8179023294312404,0.44770226537216834
test,inversion_B1,1.0,UP,22245,7821,5080,17165,2741,402,0.22836592492694988,0.6495333077611558,0.33792323554846004
test,inversion_B1,2.0,micro,44688,16278,14330,30358,1948,109,0.32066774078052274,0.8803292787811771,0.4700980874585834
test,inversion_B1,2.0,DOWN,22443,8457,7727,14716,730,54,0.3442944347903578,0.9136809743407828,0.5001294498381877
test,inversion_B1,2.0,UP,22245,7821,6603,15642,1218,55,0.2968307484828051,0.844265439202148,0.4392336858910398
test,B2_K3,0.0,micro,43803,16278,4369,39434,11909,0,0.09974202680181722,0.2683990662243519,0.14543699339225377
test,B2_K3,0.0,DOWN,21912,8457,3794,18118,4663,0,0.1731471339905075,0.4486224429466714,0.249860054661003
test,B2_K3,0.0,UP,21891,7821,575,21316,7246,0,0.02626650221552236,0.07352001022887099,0.038704900376952074
test,B2_K3,1.0,micro,43803,16278,11012,32791,5266,358,0.2513983060520969,0.6764958840152353,0.3665717947437626
test,B2_K3,1.0,DOWN,21912,8457,7269,14643,1188,234,0.33173603504928806,0.8595246541326712,0.4787118443149264
test,B2_K3,1.0,UP,21891,7821,3743,18148,4078,124,0.170983509204696,0.4785833013681115,0.2519520732364028
test,B2_K3,2.0,micro,43803,16278,14216,29587,2062,170,0.3245439810058672,0.8733259614203219,0.47322780912434875
test,B2_K3,2.0,DOWN,21912,8457,7755,14157,702,116,0.3539156626506024,0.9169918410783966,0.5107181665514176
test,B2_K3,2.0,UP,21891,7821,6461,15430,1360,54,0.29514412315563476,0.8261091931978007,0.43490845449649973
test,beat_periodic_2,0.0,micro,36225,16278,5377,30848,10901,0,0.14843340234644584,0.3303231355203342,0.2048263908729025
test,beat_periodic_2,0.0,DOWN,36225,8457,5377,30848,3080,0,0.14843340234644584,0.6358046588624808,0.24067857302716977
test,beat_periodic_2,0.0,UP,0,7821,0,0,7821,0,0.0,0.0,0.0
test,beat_periodic_2,1.0,micro,36225,16278,8455,27770,7823,5000,0.2334023464458247,0.519412704263423,0.32207683370474066
test,beat_periodic_2,1.0,DOWN,36225,8457,8455,27770,2,5000,0.2334023464458247,0.9997635095187418,0.3784521731345956
test,beat_periodic_2,1.0,UP,0,7821,0,0,7821,0,0.0,0.0,0.0
test,beat_periodic_2,2.0,micro,36225,16278,8457,27768,7821,7888,0.2334575569358178,0.5195355694802801,0.32215301982743844
test,beat_periodic_2,2.0,DOWN,36225,8457,8457,27768,0,7888,0.2334575569358178,1.0,0.37854169464213777
test,beat_periodic_2,2.0,UP,0,7821,0,0,7821,0,0.0,0.0,0.0
test,beat_periodic_4,0.0,micro,18136,16278,3087,15049,13191,0,0.17021393912659902,0.18964246221894582,0.17940373103969315
test,beat_periodic_4,0.0,DOWN,18136,8457,3087,15049,5370,0,0.17021393912659902,0.3650230578219227,0.23216635956830745
test,beat_periodic_4,0.0,UP,0,7821,0,0,7821,0,0.0,0.0,0.0
test,beat_periodic_4,1.0,micro,18136,16278,5880,12256,10398,1875,0.3242170269078077,0.3612237375598968,0.34172139245655836
test,beat_periodic_4,1.0,DOWN,18136,8457,5880,12256,2577,1875,0.3242170269078077,0.6952820148989003,0.4422216372729666
test,beat_periodic_4,1.0,UP,0,7821,0,0,7821,0,0.0,0.0,0.0
test,beat_periodic_4,2.0,micro,18136,16278,7378,10758,8900,1625,0.4068151742390825,0.4532497849858705,0.42877898529668157
test,beat_periodic_4,2.0,DOWN,18136,8457,7378,10758,1079,1625,0.4068151742390825,0.8724133853612392,0.5548828639115557
test,beat_periodic_4,2.0,UP,0,7821,0,0,7821,0,0.0,0.0,0.0
full,inversion_B1,0.0,micro,132065,28599,4566,127499,24033,0,0.03457388407223715,0.1596559320255953,0.05683911766170392
full,inversion_B1,0.0,DOWN,66286,14470,2414,63872,12056,0,0.03641794647436865,0.1668279198341396,0.059785031452771316
full,inversion_B1,0.0,UP,65779,14129,2152,63627,11977,0,0.03271560832484532,0.15231085002477174,0.05386194123241728
full,inversion_B1,1.0,micro,132065,28599,22224,109841,6375,742,0.16828077083254459,0.7770901080457359,0.2766518946372554
full,inversion_B1,1.0,DOWN,66286,14470,12123,54163,2347,281,0.18288929789095737,0.8378023496890118,0.300237753231958
full,inversion_B1,1.0,UP,65779,14129,10101,55678,4028,461,0.15355964669575398,0.7149125911246372,0.2528157380988137
full,inversion_B1,2.0,micro,132065,28599,25280,106785,3319,189,0.19142089122780448,0.8839469911535368,0.3146940198177563
full,inversion_B1,2.0,DOWN,66286,14470,13166,53120,1304,102,0.19862414386144886,0.9098825155494126,0.32606865124572787
full,inversion_B1,2.0,UP,65779,14129,12114,53665,2015,87,0.1841621186092826,0.8573855191450209,0.3031986784802523
full,B2_K3,0.0,micro,128992,28599,7801,121191,20798,0,0.06047661870503597,0.2727717752368964,0.09900311566015825
full,B2_K3,0.0,DOWN,64532,14470,6499,58033,7971,0,0.10070972540754974,0.4491361437456807,0.16452748031695402
full,B2_K3,0.0,UP,64460,14129,1302,63158,12827,0,0.02019857275829972,0.09215089532167882,0.03313440812327425
full,B2_K3,1.0,micro,128992,28599,20814,108178,7785,545,0.1613588439593153,0.7277876848840868,0.2641521406679315
full,B2_K3,1.0,DOWN,64532,14470,12479,52053,1991,366,0.19337692927539826,0.8624049758120249,0.31591605275815804
full,B2_K3,1.0,UP,64460,14129,8335,56125,5794,179,0.12930499534595097,0.5899214381767995,0.21211619946811894
full,B2_K3,2.0,micro,128992,28599,25030,103962,3569,278,0.19404304142892584,0.8752054267631736,0.3176577342614743
full,B2_K3,2.0,DOWN,64532,14470,13181,51351,1289,192,0.2042552532077109,0.9109191430545958,0.33368775474038637
full,B2_K3,2.0,UP,64460,14129,11849,52611,2280,86,0.1838194228979212,0.8386297685611155,0.301543473005128
full,beat_periodic_2,0.0,micro,95645,28599,7528,88117,21071,0,0.07870772126091274,0.26322598692261967,0.12118090209587586
full,beat_periodic_2,0.0,DOWN,95645,14470,7528,88117,6942,0,0.07870772126091274,0.520248790601244,0.13672978250011353
full,beat_periodic_2,0.0,UP,0,14129,0,0,14129,0,0.0,0.0,0.0
full,beat_periodic_2,1.0,micro,95645,28599,13967,81678,14632,7605,0.14602958858278006,0.4883737193608168,0.22483178262129355
full,beat_periodic_2,1.0,DOWN,95645,14470,13967,81678,503,7605,0.14602958858278006,0.9652384243261921,0.25368024338191886
full,beat_periodic_2,1.0,UP,0,14129,0,0,14129,0,0.0,0.0,0.0
full,beat_periodic_2,2.0,micro,95645,28599,14185,81460,14414,12581,0.14830885043651001,0.4959963635092136,0.228341006406748
full,beat_periodic_2,2.0,DOWN,95645,14470,14185,81460,285,12581,0.14830885043651001,0.9803040774015204,0.25763974027153436
full,beat_periodic_2,2.0,UP,0,14129,0,0,14129,0,0.0,0.0,0.0
full,beat_periodic_4,0.0,micro,47893,28599,4222,43671,24377,0,0.08815484517570417,0.1476275394244554,0.11039062908539456
full,beat_periodic_4,0.0,DOWN,47893,14470,4222,43671,10248,0,0.08815484517570417,0.2917760884588804,0.13540079855042253
full,beat_periodic_4,0.0,UP,0,14129,0,0,14129,0,0.0,0.0,0.0
full,beat_periodic_4,1.0,micro,47893,28599,9175,38718,19424,2897,0.1915728812143737,0.3208154131263331,0.2398943680384877
full,beat_periodic_4,1.0,DOWN,47893,14470,9175,38718,5295,2897,0.1915728812143737,0.6340704906703525,0.29424498500713564
full,beat_periodic_4,1.0,UP,0,14129,0,0,14129,0,0.0,0.0,0.0
full,beat_periodic_4,2.0,micro,47893,28599,11409,36484,17190,3087,0.2382185288037918,0.3989300325186195,0.29830570517178273
full,beat_periodic_4,2.0,DOWN,47893,14470,11409,36484,3061,3087,0.2382185288037918,0.7884588804422944,0.3658900309478377
full,beat_periodic_4,2.0,UP,0,14129,0,0,14129,0,0.0,0.0,0.0
