piecegroup,performanceid,fold
Beethoven||Piano_Sonatas_11-2,Beethoven/Piano_Sonatas/11-2/MaximovI04.mid,train
Beethoven||Piano_Sonatas_21-3,Beethoven/Piano_Sonatas/21-3/KimSY04M.mid,val
Beethoven||Piano_Sonatas_21-3,Beethoven/Piano_Sonatas/21-3/Sekino05M.mid,val
Beethoven||Piano_Sonatas_21-3,Beethoven/Piano_Sonatas/21-3/YOO05M.mid,val
Beethoven||Piano_Sonatas_26-2,Beethoven/Piano_Sonatas/26-2/HONG05M.mid,train
Beethoven||Piano_Sonatas_26-2,Beethoven/Piano_Sonatas/26-2/Huang02.mid,train
Beethoven||Piano_Sonatas_26-2,Beethoven/Piano_Sonatas/26-2/LEE_K05M.mid,train
Beethoven||Piano_Sonatas_26-2,Beethoven/Piano_Sonatas/26-2/Tysman01.mid,train
Beethoven||Piano_Sonatas_26-2,Beethoven/Piano_Sonatas/26-2/Zhdanov05.mid,train
Beethoven||Piano_Sonatas_28-1,Beethoven/Piano_Sonatas/28-1/Atzinger01.mid,test
Beethoven||Piano_Sonatas_28-1,Beethoven/Piano_Sonatas/28-1/KimHJ02M.mid,test
Beethoven||Piano_Sonatas_28-1,Beethoven/Piano_Sonatas/28-1/KyykhynenT06M.mid,test
Beethoven||Piano_Sonatas_28-1,Beethoven/Piano_Sonatas/28-1/WangY04M.mid,test
Beethoven||Piano_Sonatas_28-1,Beethoven/Piano_Sonatas/28-1/Zhdanov01.mid,test
Beethoven||Piano_Sonatas_29-2,Beethoven/Piano_Sonatas/29-2/ChowK03.mid,train
Beethoven||Piano_Sonatas_29-3,Beethoven/Piano_Sonatas/29-3/ChowK04.mid,train
Beethoven||Piano_Sonatas_29-4,Beethoven/Piano_Sonatas/29-4/ChowK05M.mid,test
Beethoven||Piano_Sonatas_29-4,Beethoven/Piano_Sonatas/29-4/DANILO01.mid,test
Beethoven||Piano_Sonatas_31-2,Beethoven/Piano_Sonatas/31-2/ADIG05M.mid,train
Beethoven||Piano_Sonatas_31-2,Beethoven/Piano_Sonatas/31-2/AbdelmoulaJS04.mid,train
Beethoven||Piano_Sonatas_31-2,Beethoven/Piano_Sonatas/31-2/HuangSW09.mid,train
Beethoven||Piano_Sonatas_31-2,Beethoven/Piano_Sonatas/31-2/LeungM04.mid,train
Beethoven||Piano_Sonatas_31-2,Beethoven/Piano_Sonatas/31-2/Stahievitch02.mid,train
Beethoven||Piano_Sonatas_31-2,Beethoven/Piano_Sonatas/31-2/Zuber04.mid,train
Beethoven||Piano_Sonatas_31-2,Beethoven/Piano_Sonatas/31-2_no_repeat/Na06.mid,train
Beethoven||Piano_Sonatas_32-1,Beethoven/Piano_Sonatas/32-1/DupreeF03M.mid,train
Beethoven||Piano_Sonatas_32-1,Beethoven/Piano_Sonatas/32-1/HouY04M.mid,train
Beethoven||Piano_Sonatas_32-1,Beethoven/Piano_Sonatas/32-1/Jussow02.mid,train
Beethoven||Piano_Sonatas_32-1,Beethoven/Piano_Sonatas/32-1/Jussow06M.mid,train
Beethoven||Piano_Sonatas_32-1,Beethoven/Piano_Sonatas/32-1/MORET01.mid,train
Brahms||Six_Pieces_op_118_2,Brahms/Six_Pieces_op_118/2/Shilyaev03.mid,test
Chopin||Ballades_1,Chopin/Ballades/1/Ali01.mid,test
Chopin||Ballades_1,Chopin/Ballades/1/BuiJL04M.mid,test
Chopin||Ballades_1,Chopin/Ballades/1/Day04.mid,test
Chopin||Ballades_1,Chopin/Ballades/1/Dossin05.mid,test
Chopin||Ballades_1,Chopin/Ballades/1/JIA06M.mid,test
Chopin||Ballades_1,Chopin/Ballades/1/KimSuyeon04M.mid,test
Chopin||Ballades_1,Chopin/Ballades/1/LeeKoeun03.mid,test
Chopin||Ballades_1,Chopin/Ballades/1/LeeKoeun06.mid,test
Chopin||Ballades_1,Chopin/Ballades/1/LinTao04.mid,test
Chopin||Ballades_1,Chopin/Ballades/1/McNamara02.mid,test
Chopin||Ballades_1,Chopin/Ballades/1/Mo07M.mid,test
Chopin||Ballades_1,Chopin/Ballades/1/MunA19M.mid,test
Chopin||Ballades_1,Chopin/Ballades/1/Richardson13M.mid,test
Chopin||Ballades_1,Chopin/Ballades/1/SINKEV05.mid,test
Chopin||Ballades_1,Chopin/Ballades/1/SINKEV11.mid,test
Chopin||Ballades_1,Chopin/Ballades/1/Sladek04M.mid,test
Chopin||Ballades_1,Chopin/Ballades/1/YeSijing01.mid,test
Chopin||Ballades_1,Chopin/Ballades/1/Zhou06M.mid,test
Chopin||Ballades_3,Chopin/Ballades/3/Ko11M.mid,train
Chopin||Ballades_3,Chopin/Ballades/3/LinPeng06M.mid,train
Chopin||Ballades_3,Chopin/Ballades/3/Tan02.mid,train
Chopin||Barcarolle,Chopin/Barcarolle/Kociuban13.mid,train
Chopin||Barcarolle,Chopin/Barcarolle/LeeSH05M.mid,train
Chopin||Barcarolle,Chopin/Barcarolle/Na03.mid,train
Chopin||Barcarolle,Chopin/Barcarolle/Na09M.mid,train
Chopin||Barcarolle,Chopin/Barcarolle/Ozel10M.mid,train
Chopin||Barcarolle,Chopin/Barcarolle/Park10M.mid,train
Chopin||Barcarolle,Chopin/Barcarolle/Rozanski07M.mid,train
Chopin||Barcarolle,Chopin/Barcarolle/Verbaite03.mid,train
Chopin||Barcarolle,Chopin/Barcarolle/Wilshire04.mid,train
Chopin||Etudes_op_10_1,Chopin/Etudes_op_10/1/Avdeeva02.mid,train
Chopin||Etudes_op_10_1,Chopin/Etudes_op_10/1/ChenW03M.mid,train
Chopin||Etudes_op_10_1,Chopin/Etudes_op_10/1/HSU02.mid,train
Chopin||Etudes_op_10_1,Chopin/Etudes_op_10/1/ISHIDA04.mid,train
Chopin||Etudes_op_10_1,Chopin/Etudes_op_10/1/Jussow03.mid,train
Chopin||Etudes_op_10_1,Chopin/Etudes_op_10/1/KaiRuiR03M.mid,train
Chopin||Etudes_op_10_1,Chopin/Etudes_op_10/1/LeeHanchien02.mid,train
Chopin||Etudes_op_10_1,Chopin/Etudes_op_10/1/LiYZ02M.mid,train
Chopin||Etudes_op_10_1,Chopin/Etudes_op_10/1/LuM02M.mid,train
Chopin||Etudes_op_10_1,Chopin/Etudes_op_10/1/Mikhailoff05.mid,train
Chopin||Etudes_op_10_1,Chopin/Etudes_op_10/1/MorozovS02.mid,train
Chopin||Etudes_op_10_1,Chopin/Etudes_op_10/1/MunA07M.mid,train
Chopin||Etudes_op_10_1,Chopin/Etudes_op_10/1/NAKAJI02.mid,train
Chopin||Etudes_op_10_1,Chopin/Etudes_op_10/1/Park02.mid,train
Chopin||Etudes_op_10_1,Chopin/Etudes_op_10/1/Savitski03.mid,train
Chopin||Etudes_op_10_1,Chopin/Etudes_op_10/1/Shelest02.mid,train
Chopin||Etudes_op_10_1,Chopin/Etudes_op_10/1/Stahievitch03.mid,train
Chopin||Etudes_op_10_1,Chopin/Etudes_op_10/1/SunY03M.mid,train
Chopin||Etudes_op_10_1,Chopin/Etudes_op_10/1/Terenkova02.mid,train
Chopin||Etudes_op_10_1,Chopin/Etudes_op_10/1/Tysman02.mid,train
Chopin||Etudes_op_10_1,Chopin/Etudes_op_10/1/Verbaite02.mid,train
Chopin||Etudes_op_10_1,Chopin/Etudes_op_10/1/YeF03M.mid,train
Chopin||Etudes_op_10_1,Chopin/Etudes_op_10/1/YuP02M.mid,train
Chopin||Etudes_op_10_1,Chopin/Etudes_op_10/1/Zhdanov02.mid,train
Chopin||Etudes_op_10_1,Chopin/Etudes_op_10/1/Zukiewicz02.mid,train
Chopin||Etudes_op_10_10,Chopin/Etudes_op_10/10/Na_2009_02.mid,train
Chopin||Etudes_op_10_10,Chopin/Etudes_op_10/10/WangH02M.mid,train
Chopin||Etudes_op_10_10,Chopin/Etudes_op_10/10/Wilshire02.mid,train
Chopin||Etudes_op_10_10,Chopin/Etudes_op_10/10/Yanagitani02.mid,train
Chopin||Etudes_op_10_5,Chopin/Etudes_op_10/5/Bach02.mid,train
Chopin||Etudes_op_10_5,Chopin/Etudes_op_10/5/Feiner_2006_02.mid,train
Chopin||Etudes_op_10_5,Chopin/Etudes_op_10/5/KimEunhae04.mid,train
Chopin||Etudes_op_10_5,Chopin/Etudes_op_10/5/Koshoeva02.mid,train
Chopin||Etudes_op_10_5,Chopin/Etudes_op_10/5/LIAO03.mid,train
Chopin||Etudes_op_10_5,Chopin/Etudes_op_10/5/LiA03M.mid,train
Chopin||Etudes_op_10_5,Chopin/Etudes_op_10/5/LiC02M.mid,train
Chopin||Etudes_op_10_5,Chopin/Etudes_op_10/5/Rozanski03.mid,train
Chopin||Etudes_op_10_5,Chopin/Etudes_op_10/5/Tario02.mid,train
Chopin||Etudes_op_10_5,Chopin/Etudes_op_10/5/USHIKI03.mid,train
Chopin||Etudes_op_10_5,Chopin/Etudes_op_10/5/ZhangW03M.mid,train
Chopin||Etudes_op_10_7,Chopin/Etudes_op_10/7/ChenL02.mid,val
Chopin||Etudes_op_10_7,Chopin/Etudes_op_10/7/Namirovsky02.mid,val
Chopin||Etudes_op_10_7,Chopin/Etudes_op_10/7/SINKEV03.mid,val
Chopin||Etudes_op_10_8,Chopin/Etudes_op_10/8/BENABD02.mid,test
Chopin||Etudes_op_10_8,Chopin/Etudes_op_10/8/Benabdallah02.mid,test
Chopin||Etudes_op_10_8,Chopin/Etudes_op_10/8/CHOE01.mid,test
Chopin||Etudes_op_10_8,Chopin/Etudes_op_10/8/ChenJie03.mid,test
Chopin||Etudes_op_10_8,Chopin/Etudes_op_10/8/FONG02.mid,test
Chopin||Etudes_op_10_8,Chopin/Etudes_op_10/8/Georgieva03.mid,test
Chopin||Etudes_op_10_8,Chopin/Etudes_op_10/8/IVLEVA02.mid,test
Chopin||Etudes_op_10_8,Chopin/Etudes_op_10/8/Kwok02.mid,test
Chopin||Etudes_op_10_8,Chopin/Etudes_op_10/8/KyykhynenT09M.mid,test
Chopin||Etudes_op_10_8,Chopin/Etudes_op_10/8/LeeEunjin02.mid,test
Chopin||Etudes_op_10_8,Chopin/Etudes_op_10/8/LeeHwakyu02.mid,test
Chopin||Etudes_op_10_8,Chopin/Etudes_op_10/8/LeeJisun02.mid,test
Chopin||Etudes_op_10_8,Chopin/Etudes_op_10/8/LiuLangning02.mid,test
Chopin||Etudes_op_10_8,Chopin/Etudes_op_10/8/Lou03M.mid,test
Chopin||Etudes_op_10_8,Chopin/Etudes_op_10/8/LuEric03M.mid,test
Chopin||Etudes_op_10_8,Chopin/Etudes_op_10/8/Masycheva02.mid,test
Chopin||Etudes_op_10_8,Chopin/Etudes_op_10/8/MiyashitaM05M.mid,test
Chopin||Etudes_op_10_8,Chopin/Etudes_op_10/8/ParkH02.mid,test
Chopin||Etudes_op_10_8,Chopin/Etudes_op_10/8/Rizikov03M.mid,test
Chopin||Etudes_op_10_8,Chopin/Etudes_op_10/8/SCHU03.mid,test
Chopin||Etudes_op_10_8,Chopin/Etudes_op_10/8/Sekino03.mid,test
Chopin||Etudes_op_10_8,Chopin/Etudes_op_10/8/Shilyaev02.mid,test
Chopin||Etudes_op_10_8,Chopin/Etudes_op_10/8/Soukhovetski02.mid,test
Chopin||Etudes_op_10_8,Chopin/Etudes_op_10/8/Tak02.mid,test
Chopin||Etudes_op_10_8,Chopin/Etudes_op_10/8/Tetzloff02.mid,test
Chopin||Etudes_op_10_8,Chopin/Etudes_op_10/8/Tetzloff07M.mid,test
Chopin||Etudes_op_10_8,Chopin/Etudes_op_10/8/YOU02.mid,test
Chopin||Etudes_op_10_8,Chopin/Etudes_op_10/8/Zhou03M.mid,test
Chopin||Etudes_op_25_1,Chopin/Etudes_op_25/1/Erice03.mid,train
Chopin||Etudes_op_25_1,Chopin/Etudes_op_25/1/LeeN03M.mid,train
Chopin||Etudes_op_25_1,Chopin/Etudes_op_25/1/TongB02M.mid,train
Chopin||Etudes_op_25_1,Chopin/Etudes_op_25/1/TuanS04M.mid,train
Chopin||Etudes_op_25_1,Chopin/Etudes_op_25/1/Wong03M.mid,train
Chopin||Etudes_op_25_12,Chopin/Etudes_op_25/12/Atzinger03.mid,train
Chopin||Etudes_op_25_12,Chopin/Etudes_op_25/12/BorickC04M.mid,train
Chopin||Etudes_op_25_12,Chopin/Etudes_op_25/12/Golubeva02.mid,train
Chopin||Etudes_op_25_12,Chopin/Etudes_op_25/12/HouKimberly03M.mid,train
Chopin||Etudes_op_25_12,Chopin/Etudes_op_25/12/KWON03.mid,train
Chopin||Etudes_op_25_12,Chopin/Etudes_op_25/12/Kunz03.mid,train
Chopin||Etudes_op_25_12,Chopin/Etudes_op_25/12/LuA04M.mid,train
Chopin||Etudes_op_25_12,Chopin/Etudes_op_25/12/Meek01.mid,train
Chopin||Etudes_op_25_12,Chopin/Etudes_op_25/12/Yang03.mid,train
Chopin||Etudes_op_25_8,Chopin/Etudes_op_25/8/DeTurck02.mid,val
Chopin||Etudes_op_25_8,Chopin/Etudes_op_25/8/MORET03.mid,val
Chopin||Etudes_op_25_8,Chopin/Etudes_op_25/8/SOLOM03.mid,val
Chopin||Etudes_op_25_8,Chopin/Etudes_op_25/8/Toscano02.mid,val
Chopin||Scherzos_20,Chopin/Scherzos/20/Kurz04M.mid,train
Chopin||Scherzos_20,Chopin/Scherzos/20/Wong03.mid,train
Chopin||Scherzos_20,Chopin/Scherzos/20/Wong04M.mid,train
Chopin||Scherzos_20,Chopin/Scherzos/20/ZhangYunling04M.mid,train
Chopin||Scherzos_31,Chopin/Scherzos/31/ChenW04M.mid,test
Chopin||Scherzos_31,Chopin/Scherzos/31/Dossin06.mid,test
Chopin||Scherzos_31,Chopin/Scherzos/31/HuNY08M.mid,test
Chopin||Scherzos_31,Chopin/Scherzos/31/Jussow04.mid,test
Chopin||Scherzos_31,Chopin/Scherzos/31/Jussow11M.mid,test
Chopin||Scherzos_31,Chopin/Scherzos/31/LeeN04M.mid,test
Chopin||Scherzos_31,Chopin/Scherzos/31/LinTami06M.mid,test
Chopin||Scherzos_31,Chopin/Scherzos/31/LuoJ12M.mid,test
Chopin||Scherzos_31,Chopin/Scherzos/31/SunD04M.mid,test
Chopin||Scherzos_31,Chopin/Scherzos/31/TongB04M.mid,test
Chopin||Scherzos_31,Chopin/Scherzos/31/TuanS05M.mid,test
Chopin||Scherzos_31,Chopin/Scherzos/31/ZhangW04M.mid,test
Chopin||Scherzos_39,Chopin/Scherzos/39/Arciglione13M.mid,train
Chopin||Scherzos_39,Chopin/Scherzos/39/Bult-ItoS05M.mid,train
Chopin||Sonata_2_1st,Chopin/Sonata_2/1st_no_repeat/Giltburg02.mid,train
Chopin||Sonata_2_1st,Chopin/Sonata_2/1st_no_repeat/Jia03.mid,train
Chopin||Sonata_2_1st,Chopin/Sonata_2/1st_no_repeat/Knoll10.mid,train
Chopin||Sonata_2_1st,Chopin/Sonata_2/1st_no_repeat/MATSUM03.mid,train
Chopin||Sonata_2_2nd,Chopin/Sonata_2/2nd/KaszoS14.mid,test
Chopin||Sonata_2_2nd,Chopin/Sonata_2/2nd_no_repeat/Giltburg02.mid,test
Chopin||Sonata_2_2nd,Chopin/Sonata_2/2nd_no_repeat/Knoll10.mid,test
Chopin||Sonata_3_2nd,Chopin/Sonata_3/2nd/GarritsonL09.mid,train
Chopin||Sonata_3_2nd,Chopin/Sonata_3/2nd/HONG08.mid,train
Chopin||Sonata_3_2nd,Chopin/Sonata_3/2nd/HuangSW04.mid,train
Chopin||Sonata_3_2nd,Chopin/Sonata_3/2nd/Huangci06.mid,train
Chopin||Sonata_3_2nd,Chopin/Sonata_3/2nd/KimSJ08.mid,train
Chopin||Sonata_3_2nd,Chopin/Sonata_3/2nd/KimSY21.mid,train
Chopin||Sonata_3_2nd,Chopin/Sonata_3/2nd/SCHU09.mid,train
Chopin||Sonata_3_2nd,Chopin/Sonata_3/2nd/Shybayeva07.mid,train
Chopin||Sonata_3_2nd,Chopin/Sonata_3/2nd/mikahailoff01.mid,train
Chopin||Sonata_3_3rd,Chopin/Sonata_3/3rd/GarritsonL10.mid,train
Chopin||Sonata_3_3rd,Chopin/Sonata_3/3rd/HONG08.mid,train
Chopin||Sonata_3_3rd,Chopin/Sonata_3/3rd/HuangSW05.mid,train
Chopin||Sonata_3_3rd,Chopin/Sonata_3/3rd/Huangci06.mid,train
Chopin||Sonata_3_3rd,Chopin/Sonata_3/3rd/KimSJ09.mid,train
Chopin||Sonata_3_3rd,Chopin/Sonata_3/3rd/KimSY22.mid,train
Chopin||Sonata_3_3rd,Chopin/Sonata_3/3rd/SCHU09.mid,train
Chopin||Sonata_3_3rd,Chopin/Sonata_3/3rd/Shybayeva07.mid,train
Chopin||Sonata_3_3rd,Chopin/Sonata_3/3rd/mikahailoff01.mid,train
Chopin||Sonata_3_4th,Chopin/Sonata_3/4th/GarritsonL11M.mid,train
Chopin||Sonata_3_4th,Chopin/Sonata_3/4th/HONG08.mid,train
Chopin||Sonata_3_4th,Chopin/Sonata_3/4th/HuangSW06M.mid,train
Chopin||Sonata_3_4th,Chopin/Sonata_3/4th/Huangci06.mid,train
Chopin||Sonata_3_4th,Chopin/Sonata_3/4th/KimSJ10M.mid,train
Chopin||Sonata_3_4th,Chopin/Sonata_3/4th/KimSY23M.mid,train
Chopin||Sonata_3_4th,Chopin/Sonata_3/4th/SCHU09.mid,train
Chopin||Sonata_3_4th,Chopin/Sonata_3/4th/Shybayeva07.mid,train
Chopin||Sonata_3_4th,Chopin/Sonata_3/4th/mikahailoff01.mid,train
Debussy||Images_Book_1_1_Reflets_dans_lEau,Debussy/Images_Book_1/1_Reflets_dans_lEau/Kleisen11M.mid,val
Debussy||Images_Book_1_1_Reflets_dans_lEau,Debussy/Images_Book_1/1_Reflets_dans_lEau/ParkJH13M.mid,val
Liszt||Ballade_2,Liszt/Ballade_2/Broberg03.mid,train
Liszt||Ballade_2,Liszt/Ballade_2/GarritsonL04M.mid,train
Liszt||Ballade_2,Liszt/Ballade_2/Jin07M.mid,train
Liszt||Ballade_2,Liszt/Ballade_2/KIM_J04.mid,train
Liszt||Ballade_2,Liszt/Ballade_2/Min06M.mid,train
Liszt||Ballade_2,Liszt/Ballade_2/Sham05.mid,train
Liszt||Gran_Etudes_de_Paganini_2_La_campanella,Liszt/Gran_Etudes_de_Paganini/2_La_campanella/Albright04.mid,train
Liszt||Gran_Etudes_de_Paganini_2_La_campanella,Liszt/Gran_Etudes_de_Paganini/2_La_campanella/Ali03.mid,train
Liszt||Gran_Etudes_de_Paganini_2_La_campanella,Liszt/Gran_Etudes_de_Paganini/2_La_campanella/Bogdanovitch02.mid,train
Liszt||Gran_Etudes_de_Paganini_2_La_campanella,Liszt/Gran_Etudes_de_Paganini/2_La_campanella/BuiJL03M.mid,train
Liszt||Gran_Etudes_de_Paganini_2_La_campanella,Liszt/Gran_Etudes_de_Paganini/2_La_campanella/FALIKS02_2004.mid,train
Liszt||Gran_Etudes_de_Paganini_2_La_campanella,Liszt/Gran_Etudes_de_Paganini/2_La_campanella/Faliks02.mid,train
Liszt||Gran_Etudes_de_Paganini_2_La_campanella,Liszt/Gran_Etudes_de_Paganini/2_La_campanella/Faliks03.mid,train
Liszt||Gran_Etudes_de_Paganini_2_La_campanella,Liszt/Gran_Etudes_de_Paganini/2_La_campanella/Gasanov02.mid,train
Liszt||Gran_Etudes_de_Paganini_2_La_campanella,Liszt/Gran_Etudes_de_Paganini/2_La_campanella/HUAN_J03.mid,train
Liszt||Gran_Etudes_de_Paganini_2_La_campanella,Liszt/Gran_Etudes_de_Paganini/2_La_campanella/Hao03.mid,train
Liszt||Gran_Etudes_de_Paganini_2_La_campanella,Liszt/Gran_Etudes_de_Paganini/2_La_campanella/KanM06.mid,train
Liszt||Gran_Etudes_de_Paganini_2_La_campanella,Liszt/Gran_Etudes_de_Paganini/2_La_campanella/Kolessova07.mid,train
Liszt||Gran_Etudes_de_Paganini_2_La_campanella,Liszt/Gran_Etudes_de_Paganini/2_La_campanella/LeungR04M.mid,train
Liszt||Gran_Etudes_de_Paganini_2_La_campanella,Liszt/Gran_Etudes_de_Paganini/2_La_campanella/Levitsky02.mid,train
Liszt||Gran_Etudes_de_Paganini_2_La_campanella,Liszt/Gran_Etudes_de_Paganini/2_La_campanella/Levitsky06M.mid,train
Liszt||Gran_Etudes_de_Paganini_2_La_campanella,Liszt/Gran_Etudes_de_Paganini/2_La_campanella/Lin02.mid,train
Liszt||Gran_Etudes_de_Paganini_2_La_campanella,Liszt/Gran_Etudes_de_Paganini/2_La_campanella/Lin07M.mid,train
Liszt||Gran_Etudes_de_Paganini_2_La_campanella,Liszt/Gran_Etudes_de_Paganini/2_La_campanella/LiuC05M.mid,train
Liszt||Gran_Etudes_de_Paganini_2_La_campanella,Liszt/Gran_Etudes_de_Paganini/2_La_campanella/LiuY03M.mid,train
Liszt||Gran_Etudes_de_Paganini_2_La_campanella,Liszt/Gran_Etudes_de_Paganini/2_La_campanella/MunA08M.mid,train
Liszt||Gran_Etudes_de_Paganini_2_La_campanella,Liszt/Gran_Etudes_de_Paganini/2_La_campanella/SEBAST02.mid,train
Liszt||Gran_Etudes_de_Paganini_2_La_campanella,Liszt/Gran_Etudes_de_Paganini/2_La_campanella/Seredenko02.mid,train
Liszt||Gran_Etudes_de_Paganini_2_La_campanella,Liszt/Gran_Etudes_de_Paganini/2_La_campanella/Sychev03.mid,train
Liszt||Gran_Etudes_de_Paganini_2_La_campanella,Liszt/Gran_Etudes_de_Paganini/2_La_campanella/TET03.mid,train
Liszt||Gran_Etudes_de_Paganini_2_La_campanella,Liszt/Gran_Etudes_de_Paganini/2_La_campanella/VuV06M.mid,train
Liszt||Gran_Etudes_de_Paganini_2_La_campanella,Liszt/Gran_Etudes_de_Paganini/2_La_campanella/Yang05M.mid,train
Liszt||Gran_Etudes_de_Paganini_2_La_campanella,Liszt/Gran_Etudes_de_Paganini/2_La_campanella/Yoon02.mid,train
Liszt||Gran_Etudes_de_Paganini_2_La_campanella,Liszt/Gran_Etudes_de_Paganini/2_La_campanella/ZhangH02.mid,train
Liszt||Gran_Etudes_de_Paganini_2_La_campanella,Liszt/Gran_Etudes_de_Paganini/2_La_campanella/ZhangH07M.mid,train
Liszt||Transcendental_Etudes_10,Liszt/Transcendental_Etudes/10/CaoJ03M.mid,val
Liszt||Transcendental_Etudes_10,Liszt/Transcendental_Etudes/10/Goldberg02.mid,val
Liszt||Transcendental_Etudes_10,Liszt/Transcendental_Etudes/10/HAGINO03.mid,val
Liszt||Transcendental_Etudes_10,Liszt/Transcendental_Etudes/10/Huang17M.mid,val
Liszt||Transcendental_Etudes_10,Liszt/Transcendental_Etudes/10/Hwang03.mid,val
Liszt||Transcendental_Etudes_10,Liszt/Transcendental_Etudes/10/Kim02.mid,val
Liszt||Transcendental_Etudes_10,Liszt/Transcendental_Etudes/10/Ladid02.mid,val
Liszt||Transcendental_Etudes_10,Liszt/Transcendental_Etudes/10/LeungM06M.mid,val
Liszt||Transcendental_Etudes_10,Liszt/Transcendental_Etudes/10/MCVEY02.mid,val
Liszt||Transcendental_Etudes_10,Liszt/Transcendental_Etudes/10/MorozovY03.mid,val
Liszt||Transcendental_Etudes_10,Liszt/Transcendental_Etudes/10/Qin03.mid,val
Liszt||Transcendental_Etudes_10,Liszt/Transcendental_Etudes/10/SUDBIN02.mid,val
Liszt||Transcendental_Etudes_10,Liszt/Transcendental_Etudes/10/Shamray02.mid,val
Liszt||Transcendental_Etudes_10,Liszt/Transcendental_Etudes/10/Tran02.mid,val
Liszt||Transcendental_Etudes_10,Liszt/Transcendental_Etudes/10/Uiasiuk03.mid,val
Liszt||Transcendental_Etudes_10,Liszt/Transcendental_Etudes/10/Yeletskiy03.mid,val
Liszt||Transcendental_Etudes_5,Liszt/Transcendental_Etudes/5/Gryaznov02.mid,test
Liszt||Transcendental_Etudes_5,Liszt/Transcendental_Etudes/5/HUAN_B03.mid,test
Liszt||Transcendental_Etudes_5,Liszt/Transcendental_Etudes/5/Huang16M.mid,test
Liszt||Transcendental_Etudes_5,Liszt/Transcendental_Etudes/5/Huangci01.mid,test
Liszt||Transcendental_Etudes_5,Liszt/Transcendental_Etudes/5/KIM_W02.mid,test
Liszt||Transcendental_Etudes_5,Liszt/Transcendental_Etudes/5/LiuY06M.mid,test
Liszt||Transcendental_Etudes_5,Liszt/Transcendental_Etudes/5/Min03M.mid,test
Liszt||Transcendental_Etudes_5,Liszt/Transcendental_Etudes/5/Park03M.mid,test
Liszt||Transcendental_Etudes_5,Liszt/Transcendental_Etudes/5/Sun09.mid,test
Liszt||Transcendental_Etudes_5,Liszt/Transcendental_Etudes/5/Wang06M.mid,test
Liszt||Transcendental_Etudes_5,Liszt/Transcendental_Etudes/5/WangY02M.mid,test
Ravel||Pavane,Ravel/Pavane/ChenS03.mid,train
Ravel||Pavane,Ravel/Pavane/Zhdanov08.mid,train
Schumann||Arabeske,Schumann/Arabeske/Min09M.mid,test
Schumann||Arabeske,Schumann/Arabeske/ParkS15M.mid,test
Schumann||Kreisleriana_4,Schumann/Kreisleriana/4/ParkJH07.mid,train
Schumann||Kreisleriana_4,Schumann/Kreisleriana/4/Yarden09.mid,train
Schumann||Kreisleriana_6,Schumann/Kreisleriana/6/JohannsonP07.mid,train
Schumann||Kreisleriana_6,Schumann/Kreisleriana/6/ParkJH09.mid,train
Schumann||Kreisleriana_6,Schumann/Kreisleriana/6/Yarden09.mid,train
Schumann||Kreisleriana_7,Schumann/Kreisleriana/7/JohannsonP08.mid,val
Schumann||Kreisleriana_7,Schumann/Kreisleriana/7/ParkJH10.mid,val
Schumann||Kreisleriana_7,Schumann/Kreisleriana/7/Yarden09.mid,val
Scriabin||Etudes_op_8_11,Scriabin/Etudes_op_8/11/Shi03.mid,train
Scriabin||Etudes_op_8_11,Scriabin/Etudes_op_8/11/Shi08M.mid,train
Scriabin||Etudes_op_8_11,Scriabin/Etudes_op_8/11/YeF09.mid,train
Scriabin||Sonatas_5,Scriabin/Sonatas/5/ChernovA06M.mid,train
Scriabin||Sonatas_5,Scriabin/Sonatas/5/FALIKS06.mid,train
Scriabin||Sonatas_5,Scriabin/Sonatas/5/FaB05M.mid,train
Scriabin||Sonatas_5,Scriabin/Sonatas/5/GarritsonL06M.mid,train
Scriabin||Sonatas_5,Scriabin/Sonatas/5/Ko07M.mid,train
Scriabin||Sonatas_5,Scriabin/Sonatas/5/Na03.mid,train
Scriabin||Sonatas_5,Scriabin/Sonatas/5/Na07M.mid,train
Scriabin||Sonatas_5,Scriabin/Sonatas/5/TET02.mid,train
Scriabin||Sonatas_5,Scriabin/Sonatas/5/Yeletskiy02.mid,train
Scriabin||Sonatas_5,Scriabin/Sonatas/5/Yeletskiy07M.mid,train
